Date,Year,Month,MDA,Revenue Target,Actual Revenue,Operating Cost,Staff Count,Compliance Score,Reconciliation Status
28/01/2021,2021,1,Katsina State Internal Revenue Service,89275139,100609533.8,18957417.35,240,64.3,Exception Noted
28/01/2021,2021,1,Ministry of Works and Housing,454549187,474065455.2,71012432.42,133,76.5,Reconciled
28/01/2021,2021,1,Ministry of Health,285522193,233452785.5,26082128.21,108,59.5,Reconciled
28/01/2021,2021,1,Ministry of Education,419347480,366413885.2,82033719.78,732,49.8,Reconciled
28/01/2021,2021,1,Ministry of Agriculture,308157750,353988057.6,83109163.46,618,70.4,Exception Noted
28/01/2021,2021,1,Ministry of Commerce and Industry,477884498,361408742.9,78179867.42,325,55.8,Exception Noted
28/01/2021,2021,1,Ministry of Lands and Survey,402345609,243033683.6,33141278.66,408,85.5,Exception Noted
28/01/2021,2021,1,Ministry of Transport,156633769,170195051.9,33491507.32,164,67.9,Reconciled
28/01/2021,2021,1,Katsina Urban Planning Authority,379979477,268835535.8,35187415.18,480,66.9,Reconciled
28/01/2021,2021,1,State Water Board,473860444,312313034.6,40768004.2,345,59.7,Reconciled
28/02/2021,2021,2,Katsina State Internal Revenue Service,462196950,446836538.5,44523369.52,591,81.8,Pending
28/02/2021,2021,2,Ministry of Works and Housing,249276918,217936048.1,23788130.45,152,81.7,Exception Noted
28/02/2021,2021,2,Ministry of Health,111886957,108954949.4,20878416.84,275,61.4,Reconciled
28/02/2021,2021,2,Ministry of Education,189010024,184014529.2,27401860.26,442,45.5,Reconciled
28/02/2021,2021,2,Ministry of Agriculture,180221770,114836460.9,15913550.76,749,78.4,Exception Noted
28/02/2021,2021,2,Ministry of Commerce and Industry,295636878,182382162.4,42185540.87,119,76.1,Reconciled
28/02/2021,2021,2,Ministry of Lands and Survey,118601876,69920924.26,6257587.02,535,67.5,Pending
28/02/2021,2021,2,Ministry of Transport,377177679,376385368.7,81216673.77,753,88.6,Reconciled
28/02/2021,2021,2,Katsina Urban Planning Authority,516640102,391329047.3,88160245.88,269,49.3,Pending
28/02/2021,2021,2,State Water Board,486768453,543786405.9,75234779.28,571,70.2,Pending
28/03/2021,2021,3,Katsina State Internal Revenue Service,400439021,379096381.6,44396773.22,854,81,Pending
28/03/2021,2021,3,Ministry of Works and Housing,438674203,468770929.5,48817733.95,200,53,Pending
28/03/2021,2021,3,Ministry of Health,546861304,373352167.5,35984351.47,154,90.2,Exception Noted
28/03/2021,2021,3,Ministry of Education,279375252,217365139.9,19279810.2,287,64.1,Pending
28/03/2021,2021,3,Ministry of Agriculture,85889477,74676925.22,15078581.63,644,74.1,Pending
28/03/2021,2021,3,Ministry of Commerce and Industry,534202549,456326342.9,93947038.73,289,64,Reconciled
28/03/2021,2021,3,Ministry of Lands and Survey,506642970,460049061.6,64977687.03,769,62.5,Exception Noted
28/03/2021,2021,3,Ministry of Transport,201911146,138059042.4,27603197.09,310,90.9,Reconciled
28/03/2021,2021,3,Katsina Urban Planning Authority,182310538,170735363.9,17483646.46,120,80.3,Pending
28/03/2021,2021,3,State Water Board,198242901,118067042.5,25044212.01,425,72.5,Pending
28/04/2021,2021,4,Katsina State Internal Revenue Service,375638865,266100018.5,39050968.7,342,63,Exception Noted
28/04/2021,2021,4,Ministry of Works and Housing,507577964,501629022.7,69192493.58,91,49,Exception Noted
28/04/2021,2021,4,Ministry of Health,545940006,420065908.2,76119683,227,48.7,Reconciled
28/04/2021,2021,4,Ministry of Education,464905025,461176137.5,47753376.32,306,82.2,Reconciled
28/04/2021,2021,4,Ministry of Agriculture,503293390,422607432.7,45821708.2,443,61.6,Pending
28/04/2021,2021,4,Ministry of Commerce and Industry,195277950,148919341.7,36718410.97,305,80.9,Exception Noted
28/04/2021,2021,4,Ministry of Lands and Survey,217430005,140796420.1,32760112.16,855,90.4,Pending
28/04/2021,2021,4,Ministry of Transport,546355209,320183114.8,37569977.81,843,64.3,Exception Noted
28/04/2021,2021,4,Katsina Urban Planning Authority,450445791,315195980.9,57337757.73,490,71.7,Exception Noted
28/04/2021,2021,4,State Water Board,140813029,135967211.4,16942730.75,493,78.2,Exception Noted
28/05/2021,2021,5,Katsina State Internal Revenue Service,381915080,414308754.6,91894781.65,890,82.6,Reconciled
28/05/2021,2021,5,Ministry of Works and Housing,165285143,177445226.8,23148613.51,829,67.8,Reconciled
28/05/2021,2021,5,Ministry of Health,445215326,249790815.6,22969190.23,231,72.1,Exception Noted
28/05/2021,2021,5,Ministry of Education,191383836,174546384,14734478.68,171,59.6,Exception Noted
28/05/2021,2021,5,Ministry of Agriculture,359633971,351336047.7,49566424.65,395,55.7,Reconciled
28/05/2021,2021,5,Ministry of Commerce and Industry,288694792,218295766,50146340.28,654,62.4,Pending
28/05/2021,2021,5,Ministry of Lands and Survey,83087276,49079925.89,6936963.87,199,49.1,Reconciled
28/05/2021,2021,5,Ministry of Transport,419853286,332543037.2,77732260.26,507,56.8,Exception Noted
28/05/2021,2021,5,Katsina Urban Planning Authority,206078484,233702590.2,26483020.87,607,49.5,Exception Noted
28/05/2021,2021,5,State Water Board,298808036,249670709.2,48371472.05,567,74.1,Reconciled
28/06/2021,2021,6,Katsina State Internal Revenue Service,259263643,245066649.9,44880185.79,879,49.4,Pending
28/06/2021,2021,6,Ministry of Works and Housing,130798442,144148350.3,27228692.36,575,64.9,Exception Noted
28/06/2021,2021,6,Ministry of Health,220073364,153541884.6,16528272.03,279,56.3,Pending
28/06/2021,2021,6,Ministry of Education,547528083,436091580,81236451.59,450,71.6,Exception Noted
28/06/2021,2021,6,Ministry of Agriculture,310001132,250248478.2,36623961.09,130,86.2,Exception Noted
28/06/2021,2021,6,Ministry of Commerce and Industry,216279671,165950584.4,29156218.56,182,56.9,Pending
28/06/2021,2021,6,Ministry of Lands and Survey,535738533,400526143,59561430.44,678,85.6,Pending
28/06/2021,2021,6,Ministry of Transport,526320087,562395076.4,70852176.15,559,68.6,Pending
28/06/2021,2021,6,Katsina Urban Planning Authority,284317875,237558198,27754420.1,351,80.5,Reconciled
28/06/2021,2021,6,State Water Board,385502109,356445260.7,28782980.41,825,79.8,Pending
28/07/2021,2021,7,Katsina State Internal Revenue Service,307580704,293833617.4,57830472.19,203,73,Exception Noted
28/07/2021,2021,7,Ministry of Works and Housing,283579043,217874038.4,49700694.91,546,86.9,Exception Noted
28/07/2021,2021,7,Ministry of Health,541960747,513656001.5,93893381.78,116,90.9,Reconciled
28/07/2021,2021,7,Ministry of Education,158832364,108088694.1,22842951.58,251,58.4,Pending
28/07/2021,2021,7,Ministry of Agriculture,335466236,237440936.1,26374595.44,748,77.4,Pending
28/07/2021,2021,7,Ministry of Commerce and Industry,144170529,103115884.2,14442109.41,274,60.1,Exception Noted
28/07/2021,2021,7,Ministry of Lands and Survey,172687528,177623918.3,35287644.02,152,64.7,Exception Noted
28/07/2021,2021,7,Ministry of Transport,351346152,321174610.7,63293543.93,280,66.1,Reconciled
28/07/2021,2021,7,Katsina Urban Planning Authority,92665655,51913072.32,9171343.14,321,75.4,Exception Noted
28/07/2021,2021,7,State Water Board,294865188,331749748.8,60877795.11,543,93.5,Exception Noted
28/08/2021,2021,8,Katsina State Internal Revenue Service,283842735,276614027,46496912.9,598,64.6,Reconciled
28/08/2021,2021,8,Ministry of Works and Housing,417300831,400917515.4,86899645.33,200,94.9,Pending
28/08/2021,2021,8,Ministry of Health,164593788,143308827.4,32338918.86,289,76.1,Reconciled
28/08/2021,2021,8,Ministry of Education,369216971,278924785.3,45765242.7,97,89.6,Reconciled
28/08/2021,2021,8,Ministry of Agriculture,521414362,429141391.3,79466135.06,288,56.8,Exception Noted
28/08/2021,2021,8,Ministry of Commerce and Industry,230869695,170388346.9,14301776.29,359,47.1,Pending
28/08/2021,2021,8,Ministry of Lands and Survey,447683941,358639299.9,45287902.21,459,76.9,Pending
28/08/2021,2021,8,Ministry of Transport,341822487,200311120,29431499.68,133,89.7,Pending
28/08/2021,2021,8,Katsina Urban Planning Authority,266694002,182194848.4,22540769.9,327,80.1,Exception Noted
28/08/2021,2021,8,State Water Board,358142686,404248761.3,75516737.44,321,84.5,Pending
28/09/2021,2021,9,Katsina State Internal Revenue Service,118002371,134680059,22849965.55,428,91.6,Pending
28/09/2021,2021,9,Ministry of Works and Housing,168961653,113218568,11843015.59,491,53.1,Reconciled
28/09/2021,2021,9,Ministry of Health,513105380,481989592.4,57115275.76,494,65.4,Pending
28/09/2021,2021,9,Ministry of Education,381831102,270725123.5,66906418.49,681,93.1,Pending
28/09/2021,2021,9,Ministry of Agriculture,377479141,407406716.8,87260184.76,659,62.6,Exception Noted
28/09/2021,2021,9,Ministry of Commerce and Industry,170892933,123989478.4,16842102.41,491,94.5,Pending
28/09/2021,2021,9,Ministry of Lands and Survey,253014975,200601554.2,43117470.96,811,46.5,Pending
28/09/2021,2021,9,Ministry of Transport,271233969,256345082.2,40521112.92,298,67.3,Pending
28/09/2021,2021,9,Katsina Urban Planning Authority,476066982,366151209,66825055.02,614,84.5,Exception Noted
28/09/2021,2021,9,State Water Board,505761371,513462046.1,65557884.85,199,93.9,Reconciled
28/10/2021,2021,10,Katsina State Internal Revenue Service,361063003,403889167.5,89354373.51,888,65.4,Reconciled
28/10/2021,2021,10,Ministry of Works and Housing,450810740,419427332.9,49347323.55,160,94,Exception Noted
28/10/2021,2021,10,Ministry of Health,329103865,197701808.8,16722091.86,804,60.3,Exception Noted
28/10/2021,2021,10,Ministry of Education,191709603,136627445.3,24220394.9,355,73.3,Reconciled
28/10/2021,2021,10,Ministry of Agriculture,185589438,105189500.6,13759134.24,783,56.8,Exception Noted
28/10/2021,2021,10,Ministry of Commerce and Industry,529635205,572215611.7,118276257.5,381,51.7,Pending
28/10/2021,2021,10,Ministry of Lands and Survey,543796498,525676510.1,126602821.9,496,83,Exception Noted
28/10/2021,2021,10,Ministry of Transport,249113031,221411181.1,19218317.77,309,90.9,Exception Noted
28/10/2021,2021,10,Katsina Urban Planning Authority,370431860,269627476.6,62457685.52,699,76.1,Pending
28/10/2021,2021,10,State Water Board,462446310,393591572.2,35229021.96,666,46.3,Reconciled
28/11/2021,2021,11,Katsina State Internal Revenue Service,215837300,164689554.8,34881097.32,599,93.2,Reconciled
28/11/2021,2021,11,Ministry of Works and Housing,434486214,332902849.5,63338734.73,762,72.7,Pending
28/11/2021,2021,11,Ministry of Health,265659617,202424550.6,35564696.83,824,77.3,Reconciled
28/11/2021,2021,11,Ministry of Education,374774454,263948080.9,32121993.31,748,57.4,Pending
28/11/2021,2021,11,Ministry of Agriculture,288684565,180563622.5,41197394.78,534,87.9,Exception Noted
28/11/2021,2021,11,Ministry of Commerce and Industry,461136739,443438360.8,63508905.1,748,54.4,Exception Noted
28/11/2021,2021,11,Ministry of Lands and Survey,405753127,232145346.7,48704412.91,612,84.1,Pending
28/11/2021,2021,11,Ministry of Transport,251453648,244783421.8,26440269.95,117,76.8,Reconciled
28/11/2021,2021,11,Katsina Urban Planning Authority,383624478,439547736.6,103970577.3,585,75.5,Reconciled
28/11/2021,2021,11,State Water Board,317651063,242740443.7,40550243.2,843,46.4,Pending
28/12/2021,2021,12,Katsina State Internal Revenue Service,114342379,70707212.11,9753072.54,694,54.4,Exception Noted
28/12/2021,2021,12,Ministry of Works and Housing,444060705,350287399.2,56163224.25,220,82.6,Pending
28/12/2021,2021,12,Ministry of Health,128958458,107995689.4,24114266.73,520,78.7,Pending
28/12/2021,2021,12,Ministry of Education,264945074,301705620.3,38258179.71,614,84,Reconciled
28/12/2021,2021,12,Ministry of Agriculture,251664567,229475550.9,26834522.29,324,62.1,Exception Noted
28/12/2021,2021,12,Ministry of Commerce and Industry,407749937,439648890.5,72637127.73,884,72.4,Pending
28/12/2021,2021,12,Ministry of Lands and Survey,215686876,238467604.4,51494273.7,597,74.9,Exception Noted
28/12/2021,2021,12,Ministry of Transport,280902522,274520376.1,67973972.25,185,85.7,Reconciled
28/12/2021,2021,12,Katsina Urban Planning Authority,252994867,175257680.6,29609592.4,119,87.9,Pending
28/12/2021,2021,12,State Water Board,513142322,486783014.8,113727470.7,694,65.1,Pending
28/01/2022,2022,1,Katsina State Internal Revenue Service,101255164,115187502.9,17312438.73,156,80.7,Reconciled
28/01/2022,2022,1,Ministry of Works and Housing,500526865,296743368,35170470.39,385,62.8,Reconciled
28/01/2022,2022,1,Ministry of Health,516434791,566829022.2,108220624.3,369,68.5,Exception Noted
28/01/2022,2022,1,Ministry of Education,318334814,297931429,31113041.35,585,53.4,Exception Noted
28/01/2022,2022,1,Ministry of Agriculture,495308619,307114908.7,49460997.16,606,94.9,Reconciled
28/01/2022,2022,1,Ministry of Commerce and Industry,250342449,241334378.8,19507530.04,510,52.3,Reconciled
28/01/2022,2022,1,Ministry of Lands and Survey,324555549,266456731.6,41732403.78,450,66.5,Exception Noted
28/01/2022,2022,1,Ministry of Transport,368363531,221608563.1,37041902.79,548,76.6,Reconciled
28/01/2022,2022,1,Katsina Urban Planning Authority,524677889,339957394.6,35097605.67,595,62.3,Exception Noted
28/01/2022,2022,1,State Water Board,421251833,233050193.3,49569363.63,580,88.2,Pending
28/02/2022,2022,2,Katsina State Internal Revenue Service,84288924,63547738.3,10166476.52,421,60.8,Exception Noted
28/02/2022,2022,2,Ministry of Works and Housing,104816554,100766323.7,9918626.48,254,51.6,Exception Noted
28/02/2022,2022,2,Ministry of Health,335916031,383491623.8,59543936.13,207,50.3,Exception Noted
28/02/2022,2022,2,Ministry of Education,380843241,340342117.8,59279050.03,457,48.5,Exception Noted
28/02/2022,2022,2,Ministry of Agriculture,344978673,316592342,56274065.55,879,71.9,Reconciled
28/02/2022,2022,2,Ministry of Commerce and Industry,319520558,286512135.6,57641146.95,240,66.9,Reconciled
28/02/2022,2022,2,Ministry of Lands and Survey,333182964,343406740.2,29949322.24,799,85.7,Exception Noted
28/02/2022,2022,2,Ministry of Transport,424978233,363345520.6,88690043.79,891,67.7,Pending
28/02/2022,2022,2,Katsina Urban Planning Authority,409188758,265150646,48045895.47,599,92.8,Exception Noted
28/02/2022,2022,2,State Water Board,529038427,430804142.7,99428084.61,854,53.7,Reconciled
28/03/2022,2022,3,Katsina State Internal Revenue Service,457753123,280406324,29575454.65,82,74.4,Reconciled
28/03/2022,2022,3,Ministry of Works and Housing,466281204,432271907.9,37829461.45,612,91.5,Pending
28/03/2022,2022,3,Ministry of Health,193834139,199492501,24038148.36,300,59.1,Reconciled
28/03/2022,2022,3,Ministry of Education,505501373,409959373.7,49350389.65,732,51.6,Pending
28/03/2022,2022,3,Ministry of Agriculture,398157380,374148357,90751680.59,411,76.8,Reconciled
28/03/2022,2022,3,Ministry of Commerce and Industry,194603035,196850479.4,28379350.02,549,83.2,Reconciled
28/03/2022,2022,3,Ministry of Lands and Survey,432604700,321163595.9,52410221.32,313,51.3,Exception Noted
28/03/2022,2022,3,Ministry of Transport,83259732,77662256.17,11260768.96,284,55.7,Pending
28/03/2022,2022,3,Katsina Urban Planning Authority,243490866,134207285,32767168.46,168,45.2,Reconciled
28/03/2022,2022,3,State Water Board,193389335,117140257.6,12283572.47,405,45.8,Exception Noted
28/04/2022,2022,4,Katsina State Internal Revenue Service,517172649,391034104.7,41087692.15,190,50.9,Exception Noted
28/04/2022,2022,4,Ministry of Works and Housing,156825038,106642529.2,19748621.54,143,46.5,Exception Noted
28/04/2022,2022,4,Ministry of Health,262745841,205709396.9,26267968.03,805,67.1,Pending
28/04/2022,2022,4,Ministry of Education,125617142,93994675.61,17104196.8,812,58.2,Reconciled
28/04/2022,2022,4,Ministry of Agriculture,138223929,76540880.46,11717126.16,720,72.8,Reconciled
28/04/2022,2022,4,Ministry of Commerce and Industry,382855526,393818219.4,69301159.89,344,52,Pending
28/04/2022,2022,4,Ministry of Lands and Survey,416165277,434044602.5,71746148.97,824,94,Exception Noted
28/04/2022,2022,4,Ministry of Transport,149246002,108418131.5,23410018.61,140,68.4,Reconciled
28/04/2022,2022,4,Katsina Urban Planning Authority,270351685,268932606.8,31513975.83,107,92.6,Exception Noted
28/04/2022,2022,4,State Water Board,185796536,110535863.8,12543323.08,415,49.5,Exception Noted
28/05/2022,2022,5,Katsina State Internal Revenue Service,293971966,162171529.6,24552018.79,108,59.1,Pending
28/05/2022,2022,5,Ministry of Works and Housing,104853135,110528611.9,14559908.44,307,51.4,Pending
28/05/2022,2022,5,Ministry of Health,415616950,416152250,89283895.34,358,76.9,Reconciled
28/05/2022,2022,5,Ministry of Education,332019663,316269064.5,26519422.26,349,58.7,Reconciled
28/05/2022,2022,5,Ministry of Agriculture,96280998,76776083.42,9534825.5,853,92.1,Exception Noted
28/05/2022,2022,5,Ministry of Commerce and Industry,178646994,188779674.3,37762138.7,329,49.8,Exception Noted
28/05/2022,2022,5,Ministry of Lands and Survey,208841683,123901394.4,30685525.23,463,67.4,Exception Noted
28/05/2022,2022,5,Ministry of Transport,492943787,391834638.9,88168035.83,415,75.5,Exception Noted
28/05/2022,2022,5,Katsina Urban Planning Authority,345556769,391935355.8,92699476.77,796,81.3,Exception Noted
28/05/2022,2022,5,State Water Board,313242574,306344810,25253491.17,737,55.1,Exception Noted
28/06/2022,2022,6,Katsina State Internal Revenue Service,138239586,145868313.3,26624741.05,135,56.8,Pending
28/06/2022,2022,6,Ministry of Works and Housing,536438147,554163070.2,129637017.9,541,78.7,Exception Noted
28/06/2022,2022,6,Ministry of Health,278915825,315210772.2,70160749.06,192,56.3,Pending
28/06/2022,2022,6,Ministry of Education,322983625,192350539.8,32701015.86,465,73.3,Reconciled
28/06/2022,2022,6,Ministry of Agriculture,220611266,137311668.3,18618306.13,652,87.9,Pending
28/06/2022,2022,6,Ministry of Commerce and Industry,463249886,370185867.8,45368959.29,91,52.4,Reconciled
28/06/2022,2022,6,Ministry of Lands and Survey,381759604,310902703.6,51829158.6,433,89.5,Exception Noted
28/06/2022,2022,6,Ministry of Transport,357069618,406068280.9,86012029.97,155,82.5,Pending
28/06/2022,2022,6,Katsina Urban Planning Authority,322261827,204948019.1,27200206.93,841,85.4,Exception Noted
28/06/2022,2022,6,State Water Board,80954286,71664326.74,15585403.55,377,78.3,Exception Noted
28/07/2022,2022,7,Katsina State Internal Revenue Service,375167475,381334769.1,80700922.46,124,89.3,Reconciled
28/07/2022,2022,7,Ministry of Works and Housing,285249457,234861021.4,29103799.39,589,71.8,Exception Noted
28/07/2022,2022,7,Ministry of Health,237373184,151435363.5,27480454.15,408,48.5,Reconciled
28/07/2022,2022,7,Ministry of Education,293793696,271755967.9,31747964.29,358,67.1,Exception Noted
28/07/2022,2022,7,Ministry of Agriculture,371695881,354436486,40985866.89,842,45,Reconciled
28/07/2022,2022,7,Ministry of Commerce and Industry,116088795,85255260.08,11422947.77,216,88.1,Exception Noted
28/07/2022,2022,7,Ministry of Lands and Survey,259633816,271499647.6,67239184.2,863,71.9,Reconciled
28/07/2022,2022,7,Ministry of Transport,540962471,472660119.8,106737364.5,832,58.9,Exception Noted
28/07/2022,2022,7,Katsina Urban Planning Authority,492071411,271771801.3,26391593.93,232,83.7,Reconciled
28/07/2022,2022,7,State Water Board,539172546,455268734.3,63229556.1,405,57.5,Reconciled
28/08/2022,2022,8,Katsina State Internal Revenue Service,98336697,82768704.63,7648312.68,814,49.5,Reconciled
28/08/2022,2022,8,Ministry of Works and Housing,356025135,270130187.8,62174503.07,545,94.9,Reconciled
28/08/2022,2022,8,Ministry of Health,263685061,211931254.4,48166596.61,549,67.4,Pending
28/08/2022,2022,8,Ministry of Education,378315660,217546357.4,53049515.21,128,46.2,Reconciled
28/08/2022,2022,8,Ministry of Agriculture,354949338,312754476.4,28712593.38,390,49.2,Pending
28/08/2022,2022,8,Ministry of Commerce and Industry,312265069,277048547.2,57931723.83,567,61.2,Exception Noted
28/08/2022,2022,8,Ministry of Lands and Survey,410262575,397753758.9,76559265.36,488,56.4,Reconciled
28/08/2022,2022,8,Ministry of Transport,429126961,395701033.3,87504918.72,638,78.2,Pending
28/08/2022,2022,8,Katsina Urban Planning Authority,121465862,117617986.9,23815342.86,630,58,Reconciled
28/08/2022,2022,8,State Water Board,416661460,348630572.8,41692986.7,850,85.3,Reconciled
28/09/2022,2022,9,Katsina State Internal Revenue Service,161817042,127306475.3,28711125.47,173,69.7,Exception Noted
28/09/2022,2022,9,Ministry of Works and Housing,497474835,389520823.6,33782312.36,91,58.3,Reconciled
28/09/2022,2022,9,Ministry of Health,115005563,115421547.4,14995150.85,132,87.1,Pending
28/09/2022,2022,9,Ministry of Education,113021222,82429407.4,11937650.44,162,94.2,Pending
28/09/2022,2022,9,Ministry of Agriculture,274961361,262109712.2,61174073.77,159,69.6,Reconciled
28/09/2022,2022,9,Ministry of Commerce and Industry,347444276,350158122.8,32002720.2,98,92.5,Pending
28/09/2022,2022,9,Ministry of Lands and Survey,413064056,433362426.1,98439869.88,747,51.7,Pending
28/09/2022,2022,9,Ministry of Transport,128916887,130410735,31645986.84,314,72.1,Reconciled
28/09/2022,2022,9,Katsina Urban Planning Authority,135511290,119734106.1,21654716.2,754,72.4,Reconciled
28/09/2022,2022,9,State Water Board,456415704,465224402.4,68220003.38,833,78.4,Exception Noted
28/10/2022,2022,10,Katsina State Internal Revenue Service,101671825,115505569.1,23860433.2,745,92.6,Exception Noted
28/10/2022,2022,10,Ministry of Works and Housing,111704080,73865030.47,11446815.59,898,62.6,Pending
28/10/2022,2022,10,Ministry of Health,305653820,294108700.1,61040537.12,880,55.9,Reconciled
28/10/2022,2022,10,Ministry of Education,532314294,343664428.4,64370902.83,190,93.2,Pending
28/10/2022,2022,10,Ministry of Agriculture,382174524,433809364.1,92901920.14,260,51.8,Reconciled
28/10/2022,2022,10,Ministry of Commerce and Industry,114677299,69484838.2,13098887.48,729,61.6,Reconciled
28/10/2022,2022,10,Ministry of Lands and Survey,153126974,107816767.2,18429984.58,859,49.2,Exception Noted
28/10/2022,2022,10,Ministry of Transport,242484197,248042060,32340027.06,793,51.7,Exception Noted
28/10/2022,2022,10,Katsina Urban Planning Authority,211214143,156060887.5,16400050.11,895,66.5,Reconciled
28/10/2022,2022,10,State Water Board,321683588,307575467.6,65759661.17,554,56.4,Reconciled
28/11/2022,2022,11,Katsina State Internal Revenue Service,97611671,57014910.12,13818121.62,300,63.3,Pending
28/11/2022,2022,11,Ministry of Works and Housing,455014535,428920503,41683506.7,735,86.7,Exception Noted
28/11/2022,2022,11,Ministry of Health,507796056,420434361.8,98270648.25,712,74.9,Pending
28/11/2022,2022,11,Ministry of Education,363660893,343703582.2,28078630,285,46,Pending
28/11/2022,2022,11,Ministry of Agriculture,470641132,451295793.2,79109219.07,615,81.3,Pending
28/11/2022,2022,11,Ministry of Commerce and Industry,489419155,476256116.6,96257043.02,899,63.1,Pending
28/11/2022,2022,11,Ministry of Lands and Survey,191544401,199712825,41874213.53,131,78.2,Reconciled
28/11/2022,2022,11,Ministry of Transport,231153886,149279629.5,22448283.1,842,86.6,Exception Noted
28/11/2022,2022,11,Katsina Urban Planning Authority,91776114,72160130.54,17761308.99,762,81.5,Pending
28/11/2022,2022,11,State Water Board,307834878,267921657.2,49373664.29,458,51,Reconciled
28/12/2022,2022,12,Katsina State Internal Revenue Service,444143378,497384629.5,69658724.98,889,63.2,Pending
28/12/2022,2022,12,Ministry of Works and Housing,145222125,163424092.2,35205330.77,740,63.4,Pending
28/12/2022,2022,12,Ministry of Health,173786780,101378049.9,16986692.02,648,46.9,Pending
28/12/2022,2022,12,Ministry of Education,157622383,112786051.9,23053914.13,288,52.6,Exception Noted
28/12/2022,2022,12,Ministry of Agriculture,446753591,409028296.3,59250831.8,893,55.4,Reconciled
28/12/2022,2022,12,Ministry of Commerce and Industry,432795213,343592429.4,35351160.26,208,74,Reconciled
28/12/2022,2022,12,Ministry of Lands and Survey,403525429,273363969.9,23337214.79,475,53,Exception Noted
28/12/2022,2022,12,Ministry of Transport,463161043,442228358.6,66107277.92,487,74,Pending
28/12/2022,2022,12,Katsina Urban Planning Authority,338785177,364217039.3,72293666.29,819,57.7,Pending
28/12/2022,2022,12,State Water Board,354472017,268606918.7,21894260.08,471,80.9,Exception Noted
28/01/2023,2023,1,Katsina State Internal Revenue Service,391001363,217296913.2,42711402.44,454,80.9,Exception Noted
28/01/2023,2023,1,Ministry of Works and Housing,462459114,298074002.2,70309282.5,92,94.3,Exception Noted
28/01/2023,2023,1,Ministry of Health,277596899,209837322.1,20788487.37,547,86.6,Reconciled
28/01/2023,2023,1,Ministry of Education,329584301,190181464.2,39191108.31,628,54.4,Exception Noted
28/01/2023,2023,1,Ministry of Agriculture,536418874,357665692.4,32307569.38,82,60.1,Exception Noted
28/01/2023,2023,1,Ministry of Commerce and Industry,227626498,237557988.9,39882300.46,733,46.6,Exception Noted
28/01/2023,2023,1,Ministry of Lands and Survey,95516792,99734368.28,16713196.54,805,45.7,Exception Noted
28/01/2023,2023,1,Ministry of Transport,472358896,445450225.9,39085898.8,707,45.3,Exception Noted
28/01/2023,2023,1,Katsina Urban Planning Authority,242731292,194013696.3,20586279.61,869,59.8,Exception Noted
28/01/2023,2023,1,State Water Board,137972238,100075462,12806690.39,595,64.7,Exception Noted
28/02/2023,2023,2,Katsina State Internal Revenue Service,541344118,360185253.9,35053859.81,673,67.3,Exception Noted
28/02/2023,2023,2,Ministry of Works and Housing,96597024,73453781.26,17864121.23,708,86.3,Exception Noted
28/02/2023,2023,2,Ministry of Health,350386639,248078258.6,47693916.64,195,61.7,Exception Noted
28/02/2023,2023,2,Ministry of Education,528844730,371475719.3,87153853.53,306,85.2,Reconciled
28/02/2023,2023,2,Ministry of Agriculture,469666817,498487102,81639299.09,659,75,Pending
28/02/2023,2023,2,Ministry of Commerce and Industry,357084161,325900367.6,37116913.32,585,50.1,Exception Noted
28/02/2023,2023,2,Ministry of Lands and Survey,325250708,269102609.2,49941945.06,719,68.7,Pending
28/02/2023,2023,2,Ministry of Transport,469603398,519038168.9,59305253.64,328,64,Reconciled
28/02/2023,2023,2,Katsina Urban Planning Authority,477375522,280410773.2,48507084.27,161,84.5,Pending
28/02/2023,2023,2,State Water Board,491452501,306029457.2,67657907.79,149,76.6,Reconciled
28/03/2023,2023,3,Katsina State Internal Revenue Service,127721138,122414920.6,23181425.04,649,94.2,Pending
28/03/2023,2023,3,Ministry of Works and Housing,275421546,225316977.1,31507551.48,716,52.6,Reconciled
28/03/2023,2023,3,Ministry of Health,442858775,320215009.9,62129079.79,541,63.6,Exception Noted
28/03/2023,2023,3,Ministry of Education,516283336,297246013.8,69564994.03,467,86.1,Reconciled
28/03/2023,2023,3,Ministry of Agriculture,422176354,415393542.4,37052270.67,529,69.1,Pending
28/03/2023,2023,3,Ministry of Commerce and Industry,433289680,439633227.5,74330498.56,349,66.7,Pending
28/03/2023,2023,3,Ministry of Lands and Survey,345416722,385364657.8,85971282.91,893,72.3,Pending
28/03/2023,2023,3,Ministry of Transport,458893866,390566979.5,61924560.88,634,57.5,Exception Noted
28/03/2023,2023,3,Katsina Urban Planning Authority,85791895,58973535,12485909.05,96,53.5,Exception Noted
28/03/2023,2023,3,State Water Board,401042608,356818976.9,45715159.3,501,72.9,Reconciled
28/04/2023,2023,4,Katsina State Internal Revenue Service,264442480,219887670.6,18563329.46,235,47.6,Exception Noted
28/04/2023,2023,4,Ministry of Works and Housing,520919865,523563431.1,126756168.1,712,90.5,Exception Noted
28/04/2023,2023,4,Ministry of Health,406664726,446459367,106658038.9,313,86.2,Exception Noted
28/04/2023,2023,4,Ministry of Education,349209525,386391387.3,44000716.71,647,47.6,Pending
28/04/2023,2023,4,Ministry of Agriculture,300737387,305667370.9,56822159.54,418,51.6,Exception Noted
28/04/2023,2023,4,Ministry of Commerce and Industry,379564534,394434232.8,80313947.1,522,88.2,Exception Noted
28/04/2023,2023,4,Ministry of Lands and Survey,93593436,66345714.63,15133648.54,404,80.9,Reconciled
28/04/2023,2023,4,Ministry of Transport,350512918,343470699.5,60554522.38,576,45.9,Reconciled
28/04/2023,2023,4,Katsina Urban Planning Authority,137725201,152130157.5,17441312.49,313,70.4,Reconciled
28/04/2023,2023,4,State Water Board,121684931,98078932.89,13096420.88,299,69.8,Reconciled
28/05/2023,2023,5,Katsina State Internal Revenue Service,534311054,397460141.7,40352276.26,789,67.5,Pending
28/05/2023,2023,5,Ministry of Works and Housing,497168903,337442366,28942509.37,665,60.6,Pending
28/05/2023,2023,5,Ministry of Health,401780670,312361891,73923557.85,833,91.4,Pending
28/05/2023,2023,5,Ministry of Education,387668710,238579639,46267166.28,859,91,Pending
28/05/2023,2023,5,Ministry of Agriculture,494229298,377342226.4,85500529.47,733,76.2,Exception Noted
28/05/2023,2023,5,Ministry of Commerce and Industry,177640539,159212767.5,27973755.76,389,58.2,Pending
28/05/2023,2023,5,Ministry of Lands and Survey,153862905,111210735.9,15775743.11,181,55.2,Reconciled
28/05/2023,2023,5,Ministry of Transport,375058225,415708968.4,43952333.02,805,65.8,Exception Noted
28/05/2023,2023,5,Katsina Urban Planning Authority,516239718,500779138.8,78092284.36,329,74.2,Pending
28/05/2023,2023,5,State Water Board,520547078,434620210.9,76324495.18,567,66.7,Reconciled
28/06/2023,2023,6,Katsina State Internal Revenue Service,474897610,396346089.5,48004820.94,828,47.8,Exception Noted
28/06/2023,2023,6,Ministry of Works and Housing,481247131,520483113.2,60349018.4,848,85.3,Exception Noted
28/06/2023,2023,6,Ministry of Health,212427462,232180776.3,37740720.91,574,93.5,Pending
28/06/2023,2023,6,Ministry of Education,304366297,186507556.1,19900806.97,813,81.9,Exception Noted
28/06/2023,2023,6,Ministry of Agriculture,307403122,246316422.9,51453615.13,555,52.6,Exception Noted
28/06/2023,2023,6,Ministry of Commerce and Industry,377970040,357375350,75230886.08,559,82.7,Exception Noted
28/06/2023,2023,6,Ministry of Lands and Survey,517100042,508687708.9,71513215.61,759,45.7,Reconciled
28/06/2023,2023,6,Ministry of Transport,386288112,389094370.2,94834466.61,493,63.4,Reconciled
28/06/2023,2023,6,Katsina Urban Planning Authority,453460009,424761474.6,47614173.25,824,60.4,Reconciled
28/06/2023,2023,6,State Water Board,226462046,246061335.8,31443719.87,179,57.5,Exception Noted
28/07/2023,2023,7,Katsina State Internal Revenue Service,260383197,190619587.6,32860682.6,435,71.5,Reconciled
28/07/2023,2023,7,Ministry of Works and Housing,347023940,325897896.7,32134866.78,626,59.8,Pending
28/07/2023,2023,7,Ministry of Health,408676023,224791244.9,27508383.5,536,94.9,Pending
28/07/2023,2023,7,Ministry of Education,322566802,205757550.9,44136210.89,531,58.7,Pending
28/07/2023,2023,7,Ministry of Agriculture,400844830,439240818,65348571.15,567,81.4,Pending
28/07/2023,2023,7,Ministry of Commerce and Industry,481915860,291218781.7,63016636.03,257,85.3,Reconciled
28/07/2023,2023,7,Ministry of Lands and Survey,99052122,71352392.23,11551372.56,899,48.3,Reconciled
28/07/2023,2023,7,Ministry of Transport,145542439,118055084.3,24669005.17,677,58.2,Reconciled
28/07/2023,2023,7,Katsina Urban Planning Authority,528185036,509751603.2,120186561.7,843,71.6,Reconciled
28/07/2023,2023,7,State Water Board,260897172,235635054.7,57566110.32,630,81.1,Pending
28/08/2023,2023,8,Katsina State Internal Revenue Service,351163863,359816879.3,86538471.46,802,84.3,Reconciled
28/08/2023,2023,8,Ministry of Works and Housing,488465125,482495993.3,92437433.61,855,68.1,Exception Noted
28/08/2023,2023,8,Ministry of Health,414393717,247704728.8,25711300.76,155,45.2,Pending
28/08/2023,2023,8,Ministry of Education,421291603,239008967.2,43759060.61,445,81.1,Exception Noted
28/08/2023,2023,8,Ministry of Agriculture,490716363,486827245.2,121443287.8,855,78.3,Reconciled
28/08/2023,2023,8,Ministry of Commerce and Industry,442857555,453632192.2,92516010.3,135,67.8,Reconciled
28/08/2023,2023,8,Ministry of Lands and Survey,473242339,394126799.2,62995028.95,261,63.1,Pending
28/08/2023,2023,8,Ministry of Transport,271339599,259859468.8,26475875.01,645,73.7,Exception Noted
28/08/2023,2023,8,Katsina Urban Planning Authority,489430468,347787219,46398617.79,638,69,Reconciled
28/08/2023,2023,8,State Water Board,418029574,284995650,69129779.4,808,53.2,Reconciled
28/09/2023,2023,9,Katsina State Internal Revenue Service,395011883,279630151.7,48152892.65,331,65.6,Pending
28/09/2023,2023,9,Ministry of Works and Housing,487545736,475339468.3,103934307.4,249,64.3,Reconciled
28/09/2023,2023,9,Ministry of Health,205112925,135023991.3,28235231.16,797,78.3,Reconciled
28/09/2023,2023,9,Ministry of Education,230171523,197642785.8,42569220.04,330,73.9,Pending
28/09/2023,2023,9,Ministry of Agriculture,349303270,289222073.6,61258429.84,627,60.7,Pending
28/09/2023,2023,9,Ministry of Commerce and Industry,511360405,580028392.7,47106973.05,204,76.2,Reconciled
28/09/2023,2023,9,Ministry of Lands and Survey,208972254,217791471.1,46552931.65,829,51.3,Exception Noted
28/09/2023,2023,9,Ministry of Transport,518060921,419599527.7,68782364.15,707,68.7,Pending
28/09/2023,2023,9,Katsina Urban Planning Authority,349241341,310011168.6,58763334.37,451,75.8,Reconciled
28/09/2023,2023,9,State Water Board,92097966,59601290.16,9514024.03,445,77.5,Pending
28/10/2023,2023,10,Katsina State Internal Revenue Service,309258975,311031963.9,45736243.47,300,47.8,Exception Noted
28/10/2023,2023,10,Ministry of Works and Housing,164314802,153252798.2,35352687.71,331,66.8,Exception Noted
28/10/2023,2023,10,Ministry of Health,270686637,235291255,19740021.88,189,75.3,Exception Noted
28/10/2023,2023,10,Ministry of Education,452116681,271729555.5,59352178.02,320,69,Exception Noted
28/10/2023,2023,10,Ministry of Agriculture,263024536,268739607.6,48334968.94,303,68.8,Reconciled
28/10/2023,2023,10,Ministry of Commerce and Industry,264110472,226541932.2,20911502.68,431,79.5,Pending
28/10/2023,2023,10,Ministry of Lands and Survey,428944594,398828784,53978934.94,871,56.5,Reconciled
28/10/2023,2023,10,Ministry of Transport,494194409,315098078.5,36978889.89,889,52.9,Reconciled
28/10/2023,2023,10,Katsina Urban Planning Authority,324260993,190730489.8,35537166.62,201,73.2,Reconciled
28/10/2023,2023,10,State Water Board,248159165,198732555.3,35240952.95,532,50.3,Reconciled
28/11/2023,2023,11,Katsina State Internal Revenue Service,111040200,95575872.44,15545064.19,632,73.5,Pending
28/11/2023,2023,11,Ministry of Works and Housing,312050390,202122619.6,33773003.02,88,91.3,Pending
28/11/2023,2023,11,Ministry of Health,332043893,186457730.7,46581685.11,594,48.4,Exception Noted
28/11/2023,2023,11,Ministry of Education,431646694,481084504.2,83699904.83,859,74.1,Exception Noted
28/11/2023,2023,11,Ministry of Agriculture,146636925,130120505.5,26887745.57,382,74.3,Pending
28/11/2023,2023,11,Ministry of Commerce and Industry,295710300,203568163.1,25621023.82,294,93.8,Pending
28/11/2023,2023,11,Ministry of Lands and Survey,198345416,124378763.9,9997426.45,516,73.3,Reconciled
28/11/2023,2023,11,Ministry of Transport,289589016,254519556.2,30342614.15,650,79.8,Pending
28/11/2023,2023,11,Katsina Urban Planning Authority,326429920,278810326.9,31945907.54,299,68.4,Pending
28/11/2023,2023,11,State Water Board,533375441,482860012.4,65592774.8,826,54.8,Exception Noted
28/12/2023,2023,12,Katsina State Internal Revenue Service,480572025,454405172.8,97474237.15,648,56.1,Pending
28/12/2023,2023,12,Ministry of Works and Housing,443321597,415556255.7,62057974.48,792,87.7,Reconciled
28/12/2023,2023,12,Ministry of Health,137105279,150914414.7,28812540.32,401,54.2,Pending
28/12/2023,2023,12,Ministry of Education,111523897,77433402.63,16496143.76,244,49.8,Pending
28/12/2023,2023,12,Ministry of Agriculture,183272925,112236593.7,26679271.42,669,49.1,Exception Noted
28/12/2023,2023,12,Ministry of Commerce and Industry,292524086,281813806.1,45053389.02,803,94.1,Pending
28/12/2023,2023,12,Ministry of Lands and Survey,289425525,171207192.5,20714507.66,403,75,Exception Noted
28/12/2023,2023,12,Ministry of Transport,350980714,211020521.3,28123965.83,895,69.4,Reconciled
28/12/2023,2023,12,Katsina Urban Planning Authority,219833781,228042515.4,21120318.58,559,92.9,Reconciled
28/12/2023,2023,12,State Water Board,163362719,112904537.6,12286776.25,638,75.3,Reconciled
28/01/2024,2024,1,Katsina State Internal Revenue Service,175882119,157827050.6,28783691.69,708,68.2,Pending
28/01/2024,2024,1,Ministry of Works and Housing,536684198,513536553.4,51149377.84,743,65,Pending
28/01/2024,2024,1,Ministry of Health,483986068,517266205.2,64709533.8,208,48.7,Reconciled
28/01/2024,2024,1,Ministry of Education,82693615,80947822.95,13498369.54,85,94.2,Exception Noted
28/01/2024,2024,1,Ministry of Agriculture,123506146,112121373.3,11276941.38,817,64.9,Reconciled
28/01/2024,2024,1,Ministry of Commerce and Industry,383044549,292865006.4,51129487.36,248,65.1,Reconciled
28/01/2024,2024,1,Ministry of Lands and Survey,181286953,146662235.5,25512450.9,132,63.1,Exception Noted
28/01/2024,2024,1,Ministry of Transport,390104843,394236302.3,36579885.1,364,64.2,Pending
28/01/2024,2024,1,Katsina Urban Planning Authority,393255426,342540732.5,59689024.55,664,72.5,Reconciled
28/01/2024,2024,1,State Water Board,544929345,365040239.7,64900084.45,753,91.5,Pending
28/02/2024,2024,2,Katsina State Internal Revenue Service,232823895,195649609.5,22122880.86,725,46.1,Exception Noted
28/02/2024,2024,2,Ministry of Works and Housing,439631408,461455974.6,59108401.25,245,85.7,Reconciled
28/02/2024,2024,2,Ministry of Health,399444208,367252662.9,76223131.98,200,86.6,Pending
28/02/2024,2024,2,Ministry of Education,278976491,163038043.4,13484377.67,294,71.3,Exception Noted
28/02/2024,2024,2,Ministry of Agriculture,377599958,224232518.5,41843912.93,711,80.2,Exception Noted
28/02/2024,2024,2,Ministry of Commerce and Industry,379381572,415304193.9,102102350.1,382,58.6,Reconciled
28/02/2024,2024,2,Ministry of Lands and Survey,285003417,185935189.2,35658049.18,404,73.8,Reconciled
28/02/2024,2024,2,Ministry of Transport,296135780,291943310.1,59830445.87,727,78.9,Pending
28/02/2024,2024,2,Katsina Urban Planning Authority,543493777,338913188.3,48618777.24,88,55,Reconciled
28/02/2024,2024,2,State Water Board,184091364,169264322.6,32233882.49,560,56.9,Pending
28/03/2024,2024,3,Katsina State Internal Revenue Service,399944233,375741773.3,88133051.01,496,63.6,Pending
28/03/2024,2024,3,Ministry of Works and Housing,140105479,152807669.2,29868906.51,363,63.1,Reconciled
28/03/2024,2024,3,Ministry of Health,313024280,316165320,65542801.63,382,84.7,Pending
28/03/2024,2024,3,Ministry of Education,535597780,493977840.2,42959428.94,166,48.8,Reconciled
28/03/2024,2024,3,Ministry of Agriculture,282997185,193270558.3,46166350.97,634,92.6,Exception Noted
28/03/2024,2024,3,Ministry of Commerce and Industry,462477424,456223111.6,74564469.56,833,55.1,Exception Noted
28/03/2024,2024,3,Ministry of Lands and Survey,132476371,89182285.06,10001234.33,772,72.9,Pending
28/03/2024,2024,3,Ministry of Transport,140032660,137189291.5,32594572.01,665,63,Pending
28/03/2024,2024,3,Katsina Urban Planning Authority,325332751,277263412,45054366.9,695,72.3,Pending
28/03/2024,2024,3,State Water Board,460732943,272695613.6,52104250.49,471,85.8,Reconciled
28/04/2024,2024,4,Katsina State Internal Revenue Service,483470610,276588611.1,55450909.16,135,56.1,Reconciled
28/04/2024,2024,4,Ministry of Works and Housing,133309644,149770637.3,26220109.72,697,48.2,Exception Noted
28/04/2024,2024,4,Ministry of Health,188722267,127427811.1,26715646.11,386,80.2,Reconciled
28/04/2024,2024,4,Ministry of Education,496558790,540817512.9,90890102.44,506,93.7,Pending
28/04/2024,2024,4,Ministry of Agriculture,446427281,437947886.3,85428471.46,541,60.2,Exception Noted
28/04/2024,2024,4,Ministry of Commerce and Industry,197979863,142418143.8,31255062.12,354,51,Pending
28/04/2024,2024,4,Ministry of Lands and Survey,496858323,342046484.5,46439492.7,766,53,Exception Noted
28/04/2024,2024,4,Ministry of Transport,287075612,190235767,31489359.79,620,77.9,Pending
28/04/2024,2024,4,Katsina Urban Planning Authority,272987190,179483695.6,27948648.42,538,45,Reconciled
28/04/2024,2024,4,State Water Board,323856541,244198040.7,44485455.58,304,72.2,Reconciled
28/05/2024,2024,5,Katsina State Internal Revenue Service,347518054,303649449.2,68627307.15,291,63,Pending
28/05/2024,2024,5,Ministry of Works and Housing,97453990,95870633.85,17462503.24,179,62.5,Exception Noted
28/05/2024,2024,5,Ministry of Health,190945060,202528431.6,21942236.85,408,51.5,Reconciled
28/05/2024,2024,5,Ministry of Education,493736972,512304892.3,63443341.2,411,88.4,Reconciled
28/05/2024,2024,5,Ministry of Agriculture,429328491,488646425.9,100875452.9,510,88.2,Pending
28/05/2024,2024,5,Ministry of Commerce and Industry,429605448,468499190.4,54349617.66,886,54.6,Reconciled
28/05/2024,2024,5,Ministry of Lands and Survey,333972911,338873211.7,73901220.46,732,84.2,Reconciled
28/05/2024,2024,5,Ministry of Transport,225232261,146216200.3,14832460.91,445,85.8,Exception Noted
28/05/2024,2024,5,Katsina Urban Planning Authority,270477343,278930878.1,64353051.78,722,82.3,Pending
28/05/2024,2024,5,State Water Board,219427023,210782679.4,51561451.08,461,49.8,Pending
28/06/2024,2024,6,Katsina State Internal Revenue Service,376834961,286571007,53596675.38,464,61.2,Pending
28/06/2024,2024,6,Ministry of Works and Housing,157160899,110605804,27156677.53,324,61,Exception Noted
28/06/2024,2024,6,Ministry of Health,167913164,107649062.1,16766043.14,630,79.5,Pending
28/06/2024,2024,6,Ministry of Education,148300210,97273741.53,18946995.1,650,71.3,Exception Noted
28/06/2024,2024,6,Ministry of Agriculture,379448150,374860435.9,90476673.02,321,52.8,Exception Noted
28/06/2024,2024,6,Ministry of Commerce and Industry,377333133,239771718.3,55889679.85,465,86,Reconciled
28/06/2024,2024,6,Ministry of Lands and Survey,81643579,71886727.09,9754860.09,388,74.6,Pending
28/06/2024,2024,6,Ministry of Transport,382388656,320667397.6,59095982.35,133,57.3,Reconciled
28/06/2024,2024,6,Katsina Urban Planning Authority,192620908,186753472.2,38044610.46,187,94.4,Reconciled
28/06/2024,2024,6,State Water Board,81418016,75403329.99,10901486.12,452,48.4,Pending
28/07/2024,2024,7,Katsina State Internal Revenue Service,151806325,133820979.7,18569215.65,232,55.4,Pending
28/07/2024,2024,7,Ministry of Works and Housing,119621136,86659011.97,9556625.04,762,52.7,Pending
28/07/2024,2024,7,Ministry of Health,458376598,376285752.9,58513862.06,701,93.7,Pending
28/07/2024,2024,7,Ministry of Education,270308745,182745951.3,25185622.58,95,65.6,Exception Noted
28/07/2024,2024,7,Ministry of Agriculture,524982399,547294721.8,79068421.95,463,86.5,Pending
28/07/2024,2024,7,Ministry of Commerce and Industry,527255458,380159306,39884303.69,869,49.4,Exception Noted
28/07/2024,2024,7,Ministry of Lands and Survey,173935662,156436394.3,21236202.74,675,62.4,Reconciled
28/07/2024,2024,7,Ministry of Transport,418096048,374481577.8,61544695.94,97,65.7,Exception Noted
28/07/2024,2024,7,Katsina Urban Planning Authority,317771970,213986923.1,40982676.96,250,63.6,Reconciled
28/07/2024,2024,7,State Water Board,313744770,300756835.3,26602352.62,415,50.7,Exception Noted
28/08/2024,2024,8,Katsina State Internal Revenue Service,494341746,307431355.7,38302192.51,566,90.3,Pending
28/08/2024,2024,8,Ministry of Works and Housing,158063706,121221870.2,23029862,736,46.4,Exception Noted
28/08/2024,2024,8,Ministry of Health,170481803,126984490.6,28623596.67,246,46.1,Pending
28/08/2024,2024,8,Ministry of Education,346198447,345885834.5,82097870.33,659,74.9,Exception Noted
28/08/2024,2024,8,Ministry of Agriculture,192505173,111567233.2,27266855.27,422,88.2,Exception Noted
28/08/2024,2024,8,Ministry of Commerce and Industry,331950756,216326819.2,20641580.82,460,60.1,Pending
28/08/2024,2024,8,Ministry of Lands and Survey,181947380,166077204.6,33013245.94,779,83,Reconciled
28/08/2024,2024,8,Ministry of Transport,496036905,284797792.5,27900493.46,91,50.7,Exception Noted
28/08/2024,2024,8,Katsina Urban Planning Authority,252714725,154040693.8,16950560.47,454,82.7,Exception Noted
28/08/2024,2024,8,State Water Board,463657515,402703143.4,50840810.58,457,49.2,Reconciled
28/09/2024,2024,9,Katsina State Internal Revenue Service,448137029,493100395.7,57993624.04,851,50.7,Pending
28/09/2024,2024,9,Ministry of Works and Housing,89516319,62330629.2,12893342.91,553,61.2,Pending
28/09/2024,2024,9,Ministry of Health,505757204,371890457.8,81774260.72,752,78.3,Reconciled
28/09/2024,2024,9,Ministry of Education,296286262,241042563.2,27851637.08,335,77.5,Reconciled
28/09/2024,2024,9,Ministry of Agriculture,546852227,375490205,83439081.63,867,70.6,Pending
28/09/2024,2024,9,Ministry of Commerce and Industry,301642972,188778459.8,38223738.93,557,45.9,Reconciled
28/09/2024,2024,9,Ministry of Lands and Survey,323836606,367358881.2,44603977.1,358,74.7,Exception Noted
28/09/2024,2024,9,Ministry of Transport,463337288,400068391.5,34849072.82,461,52.4,Exception Noted
28/09/2024,2024,9,Katsina Urban Planning Authority,111853736,109771971.8,25631328.69,833,67,Reconciled
28/09/2024,2024,9,State Water Board,510098276,466237307.9,95827927.46,410,92.6,Pending
28/10/2024,2024,10,Katsina State Internal Revenue Service,172587298,108651015.3,26281712.89,114,58.2,Reconciled
28/10/2024,2024,10,Ministry of Works and Housing,138715978,148042553.4,34111124.44,391,84.8,Pending
28/10/2024,2024,10,Ministry of Health,326032715,315022508.1,74912653.33,848,82.3,Pending
28/10/2024,2024,10,Ministry of Education,110674328,103650862.1,23436007.46,758,65.8,Pending
28/10/2024,2024,10,Ministry of Agriculture,128588571,128347457.4,31904505.35,614,62.7,Pending
28/10/2024,2024,10,Ministry of Commerce and Industry,431764163,365351396.3,54899917.21,476,92.4,Exception Noted
28/10/2024,2024,10,Ministry of Lands and Survey,360419670,203292960.8,31189553.22,395,64.5,Reconciled
28/10/2024,2024,10,Ministry of Transport,156294732,116185692.8,26724567.87,460,91.6,Reconciled
28/10/2024,2024,10,Katsina Urban Planning Authority,493014941,559340800,87768549.93,284,55,Exception Noted
28/10/2024,2024,10,State Water Board,278115405,284919141.7,47853461.81,559,49.9,Pending
28/11/2024,2024,11,Katsina State Internal Revenue Service,300577929,168115737.3,34175950.45,811,50.2,Pending
28/11/2024,2024,11,Ministry of Works and Housing,506536276,522991620.1,96465099.9,133,51.1,Pending
28/11/2024,2024,11,Ministry of Health,499018937,355033976.5,42306238.93,122,80.8,Reconciled
28/11/2024,2024,11,Ministry of Education,374866390,313658697.3,47420682.83,772,55.8,Reconciled
28/11/2024,2024,11,Ministry of Agriculture,359601107,328968757.5,45096234.32,608,70.1,Exception Noted
28/11/2024,2024,11,Ministry of Commerce and Industry,93601331,59418449.26,7701992.2,858,69.3,Exception Noted
28/11/2024,2024,11,Ministry of Lands and Survey,214869469,187544275.2,27776795.03,688,64.3,Exception Noted
28/11/2024,2024,11,Ministry of Transport,538251732,326824025,35449497.24,726,54.6,Exception Noted
28/11/2024,2024,11,Katsina Urban Planning Authority,351187880,229123000.9,48134400.95,325,54.1,Reconciled
28/11/2024,2024,11,State Water Board,364023342,403280845.4,99469149.59,628,57.8,Pending
28/12/2024,2024,12,Katsina State Internal Revenue Service,302279110,347032652.5,47550694.23,867,66,Exception Noted
28/12/2024,2024,12,Ministry of Works and Housing,403082691,258036018.2,52252726.84,90,90.3,Pending
28/12/2024,2024,12,Ministry of Health,98415662,104706674,23431803.33,275,87.2,Exception Noted
28/12/2024,2024,12,Ministry of Education,394620276,406454445.3,86727194.28,760,82.9,Pending
28/12/2024,2024,12,Ministry of Agriculture,274232953,222424381.3,22046297.3,641,91.6,Exception Noted
28/12/2024,2024,12,Ministry of Commerce and Industry,333057082,244159689.9,43218196.11,182,49.2,Pending
28/12/2024,2024,12,Ministry of Lands and Survey,377266994,269986367.4,29148665.22,375,78.6,Pending
28/12/2024,2024,12,Ministry of Transport,410689875,233200986.5,25563635.57,88,69.3,Exception Noted
28/12/2024,2024,12,Katsina Urban Planning Authority,370031683,320139010.5,69449537.87,430,68.5,Pending
28/12/2024,2024,12,State Water Board,201044878,172031202.5,42255608.43,400,80.2,Reconciled
28/01/2025,2025,1,Katsina State Internal Revenue Service,530208736,543632169.9,94539198.08,251,53.7,Reconciled
28/01/2025,2025,1,Ministry of Works and Housing,300389042,293081109.6,57211258.78,583,61.3,Reconciled
28/01/2025,2025,1,Ministry of Health,307631266,274914961.2,65644140.73,336,73.6,Pending
28/01/2025,2025,1,Ministry of Education,321732247,302573855,37033563.63,131,84.5,Reconciled
28/01/2025,2025,1,Ministry of Agriculture,157612675,134884124.2,27931122.69,832,93.7,Reconciled
28/01/2025,2025,1,Ministry of Commerce and Industry,411881112,266079551.4,62319019.24,251,79.9,Exception Noted
28/01/2025,2025,1,Ministry of Lands and Survey,126628737,111438715.6,23681534.11,494,89.8,Exception Noted
28/01/2025,2025,1,Ministry of Transport,143208014,145560207.5,21809148.18,759,68,Pending
28/01/2025,2025,1,Katsina Urban Planning Authority,531281279,486470641.1,41375301.24,739,70.6,Reconciled
28/01/2025,2025,1,State Water Board,129151345,73381519.61,5947585.93,854,64.5,Pending
28/02/2025,2025,2,Katsina State Internal Revenue Service,125059520,77053102.39,12004381.57,678,55.8,Pending
28/02/2025,2025,2,Ministry of Works and Housing,357597538,216544374.9,49899726.99,360,49.1,Exception Noted
28/02/2025,2025,2,Ministry of Health,365916161,283477838.5,25932021.6,174,60,Pending
28/02/2025,2025,2,Ministry of Education,485607834,493891282.9,62189865.39,379,69.2,Pending
28/02/2025,2025,2,Ministry of Agriculture,483924186,295878137.8,52221397.14,564,48.8,Exception Noted
28/02/2025,2025,2,Ministry of Commerce and Industry,110297161,76324232.91,14937498.25,769,80.5,Reconciled
28/02/2025,2025,2,Ministry of Lands and Survey,461611468,289227009,68546414.71,136,56.7,Reconciled
28/02/2025,2025,2,Ministry of Transport,391775655,357801538.6,76753630.13,572,50.2,Reconciled
28/02/2025,2025,2,Katsina Urban Planning Authority,321939997,322368391,45410688.05,358,57.5,Exception Noted
28/02/2025,2025,2,State Water Board,468581856,488323715.5,42218616.65,139,91.6,Pending
28/03/2025,2025,3,Katsina State Internal Revenue Service,268547111,206788015,44628475.23,513,90.2,Exception Noted
28/03/2025,2025,3,Ministry of Works and Housing,173251884,146408606,17538283.69,193,91.1,Exception Noted
28/03/2025,2025,3,Ministry of Health,366554274,379850248.9,68943141.61,600,86.9,Exception Noted
28/03/2025,2025,3,Ministry of Education,131513540,93640091.34,13797401.96,792,83.8,Pending
28/03/2025,2025,3,Ministry of Agriculture,208009489,154789107.1,24935464.76,505,47.3,Reconciled
28/03/2025,2025,3,Ministry of Commerce and Industry,544527970,330633321.6,54765624.43,181,67.4,Exception Noted
28/03/2025,2025,3,Ministry of Lands and Survey,122769392,135673254.8,28160426.99,839,67.9,Reconciled
28/03/2025,2025,3,Ministry of Transport,443123896,254798594.7,57112022.57,348,55,Exception Noted
28/03/2025,2025,3,Katsina Urban Planning Authority,456123544,404180372.1,44135570.97,553,85.7,Reconciled
28/03/2025,2025,3,State Water Board,186337880,133690320.8,23987391.62,752,74.1,Exception Noted
28/04/2025,2025,4,Katsina State Internal Revenue Service,260952447,237212986.5,55065736.14,743,62.5,Reconciled
28/04/2025,2025,4,Ministry of Works and Housing,425834532,335623248.1,27901323.07,237,50.3,Exception Noted
28/04/2025,2025,4,Ministry of Health,90313739,77710264.11,19263228.79,613,91.8,Pending
28/04/2025,2025,4,Ministry of Education,279141967,266687116.8,31258288.79,289,79.8,Pending
28/04/2025,2025,4,Ministry of Agriculture,354959137,353900894.8,56884184.44,616,58.4,Pending
28/04/2025,2025,4,Ministry of Commerce and Industry,245926922,232877407.4,48741084.72,212,60,Reconciled
28/04/2025,2025,4,Ministry of Lands and Survey,294571098,176555896.9,19920861.82,492,51.8,Reconciled
28/04/2025,2025,4,Ministry of Transport,138010737,100791299.6,14487898.55,324,67,Pending
28/04/2025,2025,4,Katsina Urban Planning Authority,413609768,308350383.9,57566756.15,877,69.5,Pending
28/04/2025,2025,4,State Water Board,499413499,414946287.7,98977585.37,586,59.4,Reconciled
28/05/2025,2025,5,Katsina State Internal Revenue Service,193998846,149098245.4,31083459.22,266,77.9,Exception Noted
28/05/2025,2025,5,Ministry of Works and Housing,229116219,253714596.8,56359363.03,308,70.8,Reconciled
28/05/2025,2025,5,Ministry of Health,405844911,312081076.2,49667113.08,201,48.8,Exception Noted
28/05/2025,2025,5,Ministry of Education,410737641,387944341,47205942.4,874,64.4,Reconciled
28/05/2025,2025,5,Ministry of Agriculture,353911467,375012941.7,35954936.85,252,94,Exception Noted
28/05/2025,2025,5,Ministry of Commerce and Industry,117217713,78424410.75,14273085.43,190,91.7,Reconciled
28/05/2025,2025,5,Ministry of Lands and Survey,536632574,397866812.9,40047581.34,699,83.1,Exception Noted
28/05/2025,2025,5,Ministry of Transport,464813124,341239918.6,80917192.92,468,46,Exception Noted
28/05/2025,2025,5,Katsina Urban Planning Authority,157338732,116233328.1,20619008.27,813,64.3,Pending
28/05/2025,2025,5,State Water Board,290426054,275457390.2,39888770.72,255,91.1,Exception Noted
28/06/2025,2025,6,Katsina State Internal Revenue Service,196506454,159536956.4,23483360.22,759,87.8,Exception Noted
28/06/2025,2025,6,Ministry of Works and Housing,178926072,100874646.3,18729742.78,368,65.8,Pending
28/06/2025,2025,6,Ministry of Health,548150731,497749198.7,69520369.23,525,63.3,Exception Noted
28/06/2025,2025,6,Ministry of Education,247752985,235580111.9,21274218.85,229,76.8,Exception Noted
28/06/2025,2025,6,Ministry of Agriculture,427067633,457768042.7,47423648.02,531,54.4,Pending
28/06/2025,2025,6,Ministry of Commerce and Industry,214585525,168863314.9,32799342.04,532,61.2,Pending
28/06/2025,2025,6,Ministry of Lands and Survey,352229200,222095713.2,52792810.26,640,48.2,Reconciled
28/06/2025,2025,6,Ministry of Transport,436773193,441923099.4,69838688.16,382,94.1,Pending
28/06/2025,2025,6,Katsina Urban Planning Authority,317726499,352670804.5,57316264.84,608,88.7,Reconciled
28/06/2025,2025,6,State Water Board,523862265,332441395,72055606.69,244,74,Exception Noted
28/07/2025,2025,7,Katsina State Internal Revenue Service,150258936,104146543.8,9773796.94,162,56.2,Reconciled
28/07/2025,2025,7,Ministry of Works and Housing,442641232,499187298,122579995.6,368,61.4,Exception Noted
28/07/2025,2025,7,Ministry of Health,343213808,246617039.1,32414732.14,299,93,Pending
28/07/2025,2025,7,Ministry of Education,140972755,92634822.49,22722087.16,231,46.2,Pending
28/07/2025,2025,7,Ministry of Agriculture,258299794,286892715.6,33815970.38,589,76.3,Pending
28/07/2025,2025,7,Ministry of Commerce and Industry,315414556,191553461.5,16776124.64,688,64.4,Reconciled
28/07/2025,2025,7,Ministry of Lands and Survey,328301925,332021221.1,71497045.75,305,72.7,Reconciled
28/07/2025,2025,7,Ministry of Transport,176031129,158418858.7,28120814.18,86,55.7,Reconciled
28/07/2025,2025,7,Katsina Urban Planning Authority,474953548,360499555.6,50511666.76,446,69.9,Reconciled
28/07/2025,2025,7,State Water Board,164018698,94365253.21,20548173.34,198,52.4,Exception Noted
28/08/2025,2025,8,Katsina State Internal Revenue Service,189770664,140987267.2,25634823.78,250,64.1,Exception Noted
28/08/2025,2025,8,Ministry of Works and Housing,460470375,256322342.1,64075772.18,601,94.6,Reconciled
28/08/2025,2025,8,Ministry of Health,297474115,292063446.8,53234068.59,706,91.2,Exception Noted
28/08/2025,2025,8,Ministry of Education,510324365,316177906.9,57118082.89,399,57.2,Reconciled
28/08/2025,2025,8,Ministry of Agriculture,135566811,144903323.1,30618061.57,140,90.5,Pending
28/08/2025,2025,8,Ministry of Commerce and Industry,90023702,63029231.37,9284250.08,389,77.6,Reconciled
28/08/2025,2025,8,Ministry of Lands and Survey,510992650,315457634.5,78600091.83,493,81.5,Reconciled
28/08/2025,2025,8,Ministry of Transport,336079421,186916519.8,22655439.72,261,53.6,Pending
28/08/2025,2025,8,Katsina Urban Planning Authority,442429988,369013299.6,91057658.34,418,73.7,Exception Noted
28/08/2025,2025,8,State Water Board,138033327,106594038.1,8749286.47,745,57.8,Reconciled
28/09/2025,2025,9,Katsina State Internal Revenue Service,534438578,518909922.2,60061850.89,309,70.8,Reconciled
28/09/2025,2025,9,Ministry of Works and Housing,357017477,384968454,31999256.25,757,71.7,Pending
28/09/2025,2025,9,Ministry of Health,250146711,173943286.2,29895892.65,297,49.5,Reconciled
28/09/2025,2025,9,Ministry of Education,455111766,489619648.3,86623701.67,436,58.9,Exception Noted
28/09/2025,2025,9,Ministry of Agriculture,331544195,329918676.3,74499667.53,684,71.4,Exception Noted
28/09/2025,2025,9,Ministry of Commerce and Industry,160456454,181827056.1,26395961.24,299,46.7,Reconciled
28/09/2025,2025,9,Ministry of Lands and Survey,92899854,99012211.77,19668608.35,291,49.8,Exception Noted
28/09/2025,2025,9,Ministry of Transport,468448759,532968675,45669267.99,547,87.5,Reconciled
28/09/2025,2025,9,Katsina Urban Planning Authority,271801243,151677651.8,20735420.69,477,88.6,Pending
28/09/2025,2025,9,State Water Board,251418102,280382364.9,32768168.2,162,79.6,Reconciled
28/10/2025,2025,10,Katsina State Internal Revenue Service,112353262,73632646.52,10630868.88,441,60,Exception Noted
28/10/2025,2025,10,Ministry of Works and Housing,254860896,261044249,49701882.17,738,52.3,Reconciled
28/10/2025,2025,10,Ministry of Health,405519262,231925866.2,55032846.45,600,81.2,Exception Noted
28/10/2025,2025,10,Ministry of Education,309938442,173427201.5,21100710.25,249,66.6,Exception Noted
28/10/2025,2025,10,Ministry of Agriculture,446092484,424434696.5,42674957.77,143,49.1,Pending
28/10/2025,2025,10,Ministry of Commerce and Industry,428958182,273091462.9,38714593.52,129,72.3,Exception Noted
28/10/2025,2025,10,Ministry of Lands and Survey,218272839,158208950.8,34157428.16,391,51.4,Exception Noted
28/10/2025,2025,10,Ministry of Transport,384455802,329065920.8,71411694.57,691,86.4,Exception Noted
28/10/2025,2025,10,Katsina Urban Planning Authority,118949802,92572642.3,9858998.35,541,66,Pending
28/10/2025,2025,10,State Water Board,275488255,191414284.1,46533682.37,321,49.3,Exception Noted
28/11/2025,2025,11,Katsina State Internal Revenue Service,131118503,104546907.1,20531431.44,814,49,Reconciled
28/11/2025,2025,11,Ministry of Works and Housing,352149395,306094970.1,60346103.62,749,82.6,Exception Noted
28/11/2025,2025,11,Ministry of Health,414169752,257892315.8,38064285.78,390,65.1,Pending
28/11/2025,2025,11,Ministry of Education,353338029,335493588.2,53532721.77,414,81.4,Reconciled
28/11/2025,2025,11,Ministry of Agriculture,465910115,260170894.2,21779147.94,182,55.8,Exception Noted
28/11/2025,2025,11,Ministry of Commerce and Industry,135164124,128018162.1,13903498.34,229,90.1,Exception Noted
28/11/2025,2025,11,Ministry of Lands and Survey,113388299,82520658.16,10535702.2,347,89.9,Pending
28/11/2025,2025,11,Ministry of Transport,498584655,441106699.8,105156115.1,691,51.7,Pending
28/11/2025,2025,11,Katsina Urban Planning Authority,218350708,175996544.7,26146373.46,257,85.3,Reconciled
28/11/2025,2025,11,State Water Board,380633154,347844524.6,64135639.84,133,46.1,Reconciled
28/12/2025,2025,12,Katsina State Internal Revenue Service,487875437,516426798.7,52703596.27,193,71.2,Exception Noted
28/12/2025,2025,12,Ministry of Works and Housing,477221751,340361963.3,81219964.89,566,62.6,Pending
28/12/2025,2025,12,Ministry of Health,525372838,599648212.9,96740821.33,110,87.3,Pending
28/12/2025,2025,12,Ministry of Education,239971079,143982519.3,29979521.89,869,77.9,Pending
28/12/2025,2025,12,Ministry of Agriculture,402575569,417189276.8,63740245.29,869,65.2,Pending
28/12/2025,2025,12,Ministry of Commerce and Industry,248895317,285289675.8,30702659.25,548,68,Pending
28/12/2025,2025,12,Ministry of Lands and Survey,264385716,212482159.4,39201265.96,376,78,Exception Noted
28/12/2025,2025,12,Ministry of Transport,167104421,130483879.7,24909853.33,851,70.9,Exception Noted
28/12/2025,2025,12,Katsina Urban Planning Authority,370673155,292288378.1,48122658.18,578,54.3,Reconciled
28/12/2025,2025,12,State Water Board,137119595,77870944.13,18625925.16,774,82.3,Reconciled
