Date,Year,Month,LGA,Population Band,Revenue Target,Actual Revenue,Registered Taxpayers,Active Taxpayers,Collection Gap
20/01/2021,2021,1,Katsina,High,235959655,242486257.8,7061,4220,-6526602.78
20/01/2021,2021,1,Daura,Low,219392925,129214449,12410,9106,90178475.97
20/01/2021,2021,1,Funtua,Medium,95178667,87273853.94,33282,11899,7904813.06
20/01/2021,2021,1,Malumfashi,Low,164675891,173028898,26701,18122,-8353006.95
20/01/2021,2021,1,Dutsin-Ma,High,188903787,119530976.6,24816,18382,69372810.4
20/01/2021,2021,1,Kankia,High,232326803,210216463.2,3189,1706,22110339.77
20/01/2021,2021,1,Mani,Low,127102598,86283883.04,25414,19597,40818714.96
20/01/2021,2021,1,Mashi,Medium,37659120,28170919.3,26941,13698,9488200.7
20/01/2021,2021,1,Musawa,Medium,36278612,23045379.72,9016,4401,13233232.28
20/01/2021,2021,1,Bakori,High,76474217,89444535.28,8006,3021,-12970318.28
20/01/2021,2021,1,Charanchi,High,162932368,138674142.5,21158,12761,24258225.46
20/01/2021,2021,1,Jibia,Low,214369117,212943892.3,20564,15456,1425224.67
20/01/2021,2021,1,Batsari,High,169317217,171698936.3,5947,3685,-2381719.29
20/01/2021,2021,1,Rimi,High,160782434,186089246.6,8315,3413,-25306812.59
20/01/2021,2021,1,Kusada,Low,126282728,83736846.29,24136,18220,42545881.71
20/02/2021,2021,2,Katsina,Low,182385874,139887979.7,14959,7001,42497894.35
20/02/2021,2021,2,Daura,Low,53834018,49960801.21,19242,6986,3873216.79
20/02/2021,2021,2,Funtua,Medium,37106419,21863866.37,30247,22667,15242552.63
20/02/2021,2021,2,Malumfashi,Medium,95255963,53050093.94,20360,10463,42205869.06
20/02/2021,2021,2,Dutsin-Ma,Medium,240702709,122008302.8,3070,2226,118694406.2
20/02/2021,2021,2,Kankia,Medium,38783784,45906641.06,32664,21129,-7122857.06
20/02/2021,2021,2,Mani,Low,164238656,173768500.1,26164,13186,-9529844.13
20/02/2021,2021,2,Mashi,Low,184373165,98507372.87,9756,7893,85865792.13
20/02/2021,2021,2,Musawa,Low,167302926,100253864,27376,22298,67049062.05
20/02/2021,2021,2,Bakori,High,77059892,55625493.69,5252,4227,21434398.31
20/02/2021,2021,2,Charanchi,High,81894549,54613316.65,3369,1216,27281232.35
20/02/2021,2021,2,Jibia,High,39007403,45592894.33,15302,12105,-6585491.33
20/02/2021,2021,2,Batsari,Low,99630541,112672824,5099,3186,-13042282.98
20/02/2021,2021,2,Rimi,Low,28550246,26784214.68,1485,838,1766031.32
20/02/2021,2021,2,Kusada,Low,175965905,195330526.8,18702,10961,-19364621.84
20/03/2021,2021,3,Katsina,High,57090145,57634110.88,16556,7930,-543965.88
20/03/2021,2021,3,Daura,Low,246269846,216523474.5,9727,3567,29746371.48
20/03/2021,2021,3,Funtua,Low,70185136,41244670.87,24117,18336,28940465.13
20/03/2021,2021,3,Malumfashi,Medium,237181737,281498581.8,10727,5992,-44316844.79
20/03/2021,2021,3,Dutsin-Ma,Low,95046587,71527361.63,34285,12205,23519225.37
20/03/2021,2021,3,Kankia,High,220623792,174876656,16855,11168,45747135.99
20/03/2021,2021,3,Mani,Low,134614726,159444503.7,4189,3375,-24829777.65
20/03/2021,2021,3,Mashi,Low,134901778,147930408.4,13160,4657,-13028630.39
20/03/2021,2021,3,Musawa,High,41659605,49906176.7,34347,25498,-8246571.7
20/03/2021,2021,3,Bakori,Low,44877194,28482526.72,7557,3048,16394667.28
20/03/2021,2021,3,Charanchi,Low,37967966,25514950.85,32286,17283,12453015.15
20/03/2021,2021,3,Jibia,Low,106163946,110426172.8,21705,8382,-4262226.81
20/03/2021,2021,3,Batsari,Low,226462633,133472396.2,7606,5639,92990236.83
20/03/2021,2021,3,Rimi,Low,147451708,107974345.1,1490,1141,39477362.92
20/03/2021,2021,3,Kusada,High,119783688,72341779.03,8873,5828,47441908.97
20/04/2021,2021,4,Katsina,High,102480454,80288013,25126,20522,22192441
20/04/2021,2021,4,Daura,Medium,216073050,122243233.5,6666,3779,93829816.47
20/04/2021,2021,4,Funtua,High,133893685,113428019.2,19447,7262,20465665.83
20/04/2021,2021,4,Malumfashi,Low,237664434,151621383.5,3941,1606,86043050.5
20/04/2021,2021,4,Dutsin-Ma,Low,123080041,75382021.54,17203,8852,47698019.46
20/04/2021,2021,4,Kankia,Low,25356654,13680279.56,1649,1173,11676374.44
20/04/2021,2021,4,Mani,High,144569856,95719358.64,17828,13181,48850497.36
20/04/2021,2021,4,Mashi,Medium,172466748,203856374,28538,12560,-31389625.96
20/04/2021,2021,4,Musawa,Medium,173967037,181912445.1,9425,5602,-7945408.1
20/04/2021,2021,4,Bakori,Low,200563047,205968096.8,23488,15514,-5405049.77
20/04/2021,2021,4,Charanchi,Low,100870702,71217216.25,26430,14814,29653485.75
20/04/2021,2021,4,Jibia,High,131932137,136154212.6,29135,18681,-4222075.55
20/04/2021,2021,4,Batsari,Low,192076722,178765378.8,26017,21202,13311343.18
20/04/2021,2021,4,Rimi,High,110573973,129671165.4,24660,14280,-19097192.4
20/04/2021,2021,4,Kusada,Low,110915762,101043605.3,31370,13192,9872156.66
20/05/2021,2021,5,Katsina,High,168070375,194537755.4,16933,9677,-26467380.43
20/05/2021,2021,5,Daura,High,90343948,48128780.27,17048,8830,42215167.73
20/05/2021,2021,5,Funtua,Low,47536788,44572449.58,9305,6773,2964338.42
20/05/2021,2021,5,Malumfashi,Low,48703975,51734803.07,16733,13048,-3030828.07
20/05/2021,2021,5,Dutsin-Ma,Low,185706778,167763544,17601,13813,17943233.99
20/05/2021,2021,5,Kankia,High,107630744,73953616,15473,9389,33677128
20/05/2021,2021,5,Mani,Low,50446117,30292123.41,5354,2980,20153993.59
20/05/2021,2021,5,Mashi,High,194045924,183766418.1,23663,16858,10279505.93
20/05/2021,2021,5,Musawa,Medium,235412736,150095646.5,23253,15191,85317089.53
20/05/2021,2021,5,Bakori,Low,160919830,176264880.7,11004,5945,-15345050.68
20/05/2021,2021,5,Charanchi,Medium,114120618,91710979.88,19959,14027,22409638.12
20/05/2021,2021,5,Jibia,Low,147080505,167395972,17398,7747,-20315467
20/05/2021,2021,5,Batsari,Medium,39565957,35371637.78,25702,18482,4194319.22
20/05/2021,2021,5,Rimi,Medium,127441403,151119950.4,7007,2520,-23678547.41
20/05/2021,2021,5,Kusada,High,213156230,167740963.3,12823,8343,45415266.75
20/06/2021,2021,6,Katsina,Medium,167216531,135514780.7,17272,11885,31701750.31
20/06/2021,2021,6,Daura,High,46529192,39027633.54,23610,8838,7501558.46
20/06/2021,2021,6,Funtua,Low,100515972,113658756.8,24408,12225,-13142784.8
20/06/2021,2021,6,Malumfashi,High,245020043,117569947.8,7054,3462,127450095.3
20/06/2021,2021,6,Dutsin-Ma,Medium,155263994,104535897.9,26972,20620,50728096.13
20/06/2021,2021,6,Kankia,Low,132317756,116519000.5,32157,21949,15798755.53
20/06/2021,2021,6,Mani,Medium,50637193,41609163.35,23703,12044,9028029.65
20/06/2021,2021,6,Mashi,High,215150877,229454581.5,9874,7732,-14303704.47
20/06/2021,2021,6,Musawa,Low,153128092,91276303.47,24149,12499,61851788.53
20/06/2021,2021,6,Bakori,Low,235748283,233033878.4,5189,4069,2714404.65
20/06/2021,2021,6,Charanchi,Low,59959945,56133926.5,11441,7618,3826018.5
20/06/2021,2021,6,Jibia,High,199001590,188546901.4,30208,19430,10454688.61
20/06/2021,2021,6,Batsari,Medium,99046672,70280666.94,32530,19136,28766005.06
20/06/2021,2021,6,Rimi,High,221243944,238178898.5,11414,6961,-16934954.54
20/06/2021,2021,6,Kusada,High,49263946,38480264.56,6778,3221,10783681.44
20/07/2021,2021,7,Katsina,Medium,220055769,143328886.6,10763,7965,76726882.42
20/07/2021,2021,7,Daura,Low,186400890,202439082.6,20875,12731,-16038192.6
20/07/2021,2021,7,Funtua,Low,181365155,161747306.7,16195,10209,19617848.3
20/07/2021,2021,7,Malumfashi,Low,69851393,37547634.31,24940,14054,32303758.69
20/07/2021,2021,7,Dutsin-Ma,High,232094162,199388988,25634,14191,32705174.04
20/07/2021,2021,7,Kankia,Low,42714991,31340258.71,14579,11083,11374732.29
20/07/2021,2021,7,Mani,Medium,84412573,98803298.97,27217,18402,-14390725.97
20/07/2021,2021,7,Mashi,Medium,96240133,105615470,11808,4957,-9375337.04
20/07/2021,2021,7,Musawa,High,189116627,131835192.1,12606,4601,57281434.95
20/07/2021,2021,7,Bakori,Medium,240083805,110080493.3,33254,16139,130003311.7
20/07/2021,2021,7,Charanchi,Low,144442755,105995488.3,34832,15067,38447266.69
20/07/2021,2021,7,Jibia,Medium,81507466,54815544.84,21696,11135,26691921.16
20/07/2021,2021,7,Batsari,Low,239629676,276864977.1,12247,6239,-37235301.07
20/07/2021,2021,7,Rimi,Low,233308648,217018591,27122,15748,16290057.05
20/07/2021,2021,7,Kusada,Low,105616099,60876209.85,7372,5345,44739889.15
20/08/2021,2021,8,Katsina,Medium,214689915,118366614.4,5594,2144,96323300.63
20/08/2021,2021,8,Daura,Medium,71634918,37377255.33,15632,10987,34257662.67
20/08/2021,2021,8,Funtua,Low,50602448,36263640.83,21661,14297,14338807.17
20/08/2021,2021,8,Malumfashi,High,194020718,169997998.5,7273,4126,24022719.46
20/08/2021,2021,8,Dutsin-Ma,Low,140881475,168017999,5362,3929,-27136524.02
20/08/2021,2021,8,Kankia,Medium,95737845,96089677.15,12319,8597,-351832.15
20/08/2021,2021,8,Mani,Low,152706612,110795131.8,1906,1556,41911480.23
20/08/2021,2021,8,Mashi,High,106742234,127285845.1,13891,7754,-20543611.06
20/08/2021,2021,8,Musawa,High,190218221,179434282.4,19062,9805,10783938.56
20/08/2021,2021,8,Bakori,Medium,35965115,36541594.36,19773,14540,-576479.36
20/08/2021,2021,8,Charanchi,Medium,103966859,79009585.89,29963,11676,24957273.11
20/08/2021,2021,8,Jibia,High,141138755,114918754.3,14885,8335,26220000.75
20/08/2021,2021,8,Batsari,High,148880779,139493996.4,32534,20428,9386782.59
20/08/2021,2021,8,Rimi,Medium,85149377,48488771.37,32576,12722,36660605.63
20/08/2021,2021,8,Kusada,Low,106196275,66193021.11,32040,26213,40003253.89
20/09/2021,2021,9,Katsina,High,227129774,128380682.3,32823,25228,98749091.67
20/09/2021,2021,9,Daura,Medium,204783380,186113267.7,14754,6135,18670112.33
20/09/2021,2021,9,Funtua,High,28460239,28019415.62,6937,2591,440823.38
20/09/2021,2021,9,Malumfashi,Medium,39107322,41655825.02,17943,7058,-2548503.02
20/09/2021,2021,9,Dutsin-Ma,Medium,193345337,202139960.7,13211,9504,-8794623.66
20/09/2021,2021,9,Kankia,Low,219038428,108707505,11433,4478,110330923
20/09/2021,2021,9,Mani,Medium,47205473,36567650.96,24324,19638,10637822.04
20/09/2021,2021,9,Mashi,Medium,205066418,244721137.8,30172,11418,-39654719.82
20/09/2021,2021,9,Musawa,Medium,161890335,95836602.05,21847,17569,66053732.95
20/09/2021,2021,9,Bakori,Medium,73475946,80855270.4,29120,18015,-7379324.4
20/09/2021,2021,9,Charanchi,Medium,176112707,145685403.3,9615,4569,30427303.69
20/09/2021,2021,9,Jibia,Low,90420862,83820147.2,4930,3308,6600714.8
20/09/2021,2021,9,Batsari,Low,37325059,40629292.42,23325,19106,-3304233.42
20/09/2021,2021,9,Rimi,Medium,84075759,68493076.8,30950,17823,15582682.2
20/09/2021,2021,9,Kusada,Low,211216940,156315457.8,31311,22589,54901482.22
20/10/2021,2021,10,Katsina,Low,39359607,44981979.93,9495,6225,-5622372.93
20/10/2021,2021,10,Daura,Low,168260905,156176714.7,6087,3091,12084190.26
20/10/2021,2021,10,Funtua,Low,75415227,51908583.63,24828,19999,23506643.37
20/10/2021,2021,10,Malumfashi,Medium,210167323,222893193.1,8668,4564,-12725870.09
20/10/2021,2021,10,Dutsin-Ma,Low,60421295,52354590.56,6125,4322,8066704.44
20/10/2021,2021,10,Kankia,Low,230087602,203039489.9,28392,18649,27048112.15
20/10/2021,2021,10,Mani,High,141044670,147678708.1,10653,6901,-6634038.08
20/10/2021,2021,10,Mashi,Medium,167943775,123827059.9,3721,1385,44116715.12
20/10/2021,2021,10,Musawa,High,164042481,77508234.26,31818,23979,86534246.74
20/10/2021,2021,10,Bakori,High,42176042,34943779.09,27082,17143,7232262.91
20/10/2021,2021,10,Charanchi,Medium,127151455,117101388.7,5168,2226,10050066.31
20/10/2021,2021,10,Jibia,Medium,101342001,80106822.53,1228,512,21235178.47
20/10/2021,2021,10,Batsari,High,121143658,104567228.3,6184,3072,16576429.73
20/10/2021,2021,10,Rimi,Low,194442179,131282116.5,30334,11350,63160062.54
20/10/2021,2021,10,Kusada,High,181797887,157894544,31308,12821,23903342.96
20/11/2021,2021,11,Katsina,Low,158896550,153597192.9,12652,7178,5299357.11
20/11/2021,2021,11,Daura,High,194231012,156807028.2,13129,5009,37423983.8
20/11/2021,2021,11,Funtua,High,37159994,31759184.97,26983,12377,5400809.03
20/11/2021,2021,11,Malumfashi,Medium,53413588,34963806.28,1172,677,18449781.72
20/11/2021,2021,11,Dutsin-Ma,Low,181577672,105195931.8,4912,3167,76381740.2
20/11/2021,2021,11,Kankia,Low,114038763,99053818,3470,1738,14984945
20/11/2021,2021,11,Mani,Medium,35641668,33759854.11,20382,8872,1881813.89
20/11/2021,2021,11,Mashi,Medium,183809268,169942153.8,26473,10816,13867114.19
20/11/2021,2021,11,Musawa,Medium,213351877,220308551.3,30492,14510,-6956674.33
20/11/2021,2021,11,Bakori,Low,26143351,11981790.13,11895,5953,14161560.87
20/11/2021,2021,11,Charanchi,Low,111761751,71414474.47,34945,14312,40347276.53
20/11/2021,2021,11,Jibia,High,80998485,38485700.79,31657,21441,42512784.21
20/11/2021,2021,11,Batsari,Low,43352217,40393857.1,22855,14296,2958359.9
20/11/2021,2021,11,Rimi,High,111088523,99707916.96,19660,12667,11380606.04
20/11/2021,2021,11,Kusada,High,241960914,235971275.5,19781,8899,5989638.46
20/12/2021,2021,12,Katsina,Low,28867424,17503988.36,19513,9876,11363435.64
20/12/2021,2021,12,Daura,Low,228658945,269316110,5374,4273,-40657165.04
20/12/2021,2021,12,Funtua,Low,230577047,174387365.5,20458,7286,56189681.54
20/12/2021,2021,12,Malumfashi,Medium,185079599,172535450.4,32889,20319,12544148.64
20/12/2021,2021,12,Dutsin-Ma,Medium,138313594,97457205.49,2853,1346,40856388.51
20/12/2021,2021,12,Kankia,High,71480779,37939857.77,26191,15591,33540921.23
20/12/2021,2021,12,Mani,High,62855680,51597434.79,26091,11307,11258245.21
20/12/2021,2021,12,Mashi,Medium,229904916,210379069.7,10221,7553,19525846.26
20/12/2021,2021,12,Musawa,High,142035128,70801888.84,10926,8271,71233239.16
20/12/2021,2021,12,Bakori,High,201248249,192856426.7,32049,13009,8391822.28
20/12/2021,2021,12,Charanchi,High,205444572,186084985.2,34842,21868,19359586.85
20/12/2021,2021,12,Jibia,High,47499180,21755748.79,17410,13282,25743431.21
20/12/2021,2021,12,Batsari,High,147957106,157445490.5,17180,11534,-9488384.51
20/12/2021,2021,12,Rimi,Medium,38084216,27727055.75,22373,8013,10357160.25
20/12/2021,2021,12,Kusada,High,94626330,57601597.11,9772,3678,37024732.89
20/01/2022,2022,1,Katsina,Low,49213142,57664335.32,8273,5102,-8451193.32
20/01/2022,2022,1,Daura,Low,182850876,154362352.5,23724,12634,28488523.47
20/01/2022,2022,1,Funtua,High,41048977,41289268.38,1042,719,-240291.38
20/01/2022,2022,1,Malumfashi,Low,44978784,21979652.74,5033,2507,22999131.26
20/01/2022,2022,1,Dutsin-Ma,Medium,217456606,161961121.1,16217,10191,55495484.87
20/01/2022,2022,1,Kankia,Medium,68511793,38604267.65,22156,15761,29907525.35
20/01/2022,2022,1,Mani,Low,221108243,189821867.5,12741,7192,31286375.52
20/01/2022,2022,1,Mashi,Medium,186454943,177446911.5,4191,2296,9008031.47
20/01/2022,2022,1,Musawa,Low,198526019,136816433.5,6128,2960,61709585.51
20/01/2022,2022,1,Bakori,Medium,247119542,178067984.9,3562,1598,69051557.08
20/01/2022,2022,1,Charanchi,Low,145110075,170213774.9,4624,1991,-25103699.92
20/01/2022,2022,1,Jibia,Medium,168990112,140450899.6,6825,3330,28539212.45
20/01/2022,2022,1,Batsari,Low,180002696,212409500.2,3791,2730,-32406804.22
20/01/2022,2022,1,Rimi,Low,56402799,27087231.67,2367,1174,29315567.33
20/01/2022,2022,1,Kusada,Medium,70637146,69945164.88,28934,11948,691981.12
20/02/2022,2022,2,Katsina,High,169727840,176551844.8,10629,5524,-6824004.84
20/02/2022,2022,2,Daura,Medium,37666761,29135097.7,26282,12814,8531663.3
20/02/2022,2022,2,Funtua,Low,121388166,68279082.07,23308,19018,53109083.93
20/02/2022,2022,2,Malumfashi,High,115602197,111640073.4,9216,5434,3962123.62
20/02/2022,2022,2,Dutsin-Ma,Low,114967950,81192995.88,21563,11951,33774954.12
20/02/2022,2022,2,Kankia,Medium,137837286,158518421.6,4667,2758,-20681135.62
20/02/2022,2022,2,Mani,Medium,225556637,108634736.7,23709,11737,116921900.3
20/02/2022,2022,2,Mashi,High,240379010,236390226.5,6123,3901,3988783.52
20/02/2022,2022,2,Musawa,High,242404785,119553237.5,34450,14812,122851547.5
20/02/2022,2022,2,Bakori,Medium,119207006,139784611.3,32206,15499,-20577605.33
20/02/2022,2022,2,Charanchi,High,97253053,45931438.09,18026,13169,51321614.91
20/02/2022,2022,2,Jibia,Low,202690808,181418141.4,22954,17139,21272666.56
20/02/2022,2022,2,Batsari,Low,247701656,245902540.2,28353,15488,1799115.78
20/02/2022,2022,2,Rimi,High,162496939,98195574.45,16735,11252,64301364.55
20/02/2022,2022,2,Kusada,Medium,195754974,126115209.9,7682,6220,69639764.06
20/03/2022,2022,3,Katsina,Low,192629278,173594243.7,5930,3797,19035034.31
20/03/2022,2022,3,Daura,Low,62079174,66154015.51,15682,5900,-4074841.51
20/03/2022,2022,3,Funtua,High,47192693,50181138.91,30206,18524,-2988445.91
20/03/2022,2022,3,Malumfashi,Medium,55166695,64176825.88,32261,23681,-9010130.88
20/03/2022,2022,3,Dutsin-Ma,Low,238268366,278670005.5,8940,3438,-40401639.52
20/03/2022,2022,3,Kankia,Medium,96306566,63359865.39,24835,10027,32946700.61
20/03/2022,2022,3,Mani,Low,189305035,168870071.2,34889,13484,20434963.84
20/03/2022,2022,3,Mashi,Low,170775102,141985351.5,15187,5848,28789750.51
20/03/2022,2022,3,Musawa,Medium,176336398,176673724.8,11268,7809,-337326.76
20/03/2022,2022,3,Bakori,Low,220091968,112874763.1,3839,1869,107217204.9
20/03/2022,2022,3,Charanchi,High,201578762,154451731.2,3114,1192,47127030.85
20/03/2022,2022,3,Jibia,Medium,200713723,126134568.7,17638,13011,74579154.28
20/03/2022,2022,3,Batsari,High,132039855,111821970.4,24212,9419,20217884.6
20/03/2022,2022,3,Rimi,High,95042069,76213894.83,18015,13104,18828174.17
20/03/2022,2022,3,Kusada,Medium,159094886,108903612.8,24621,15268,50191273.22
20/04/2022,2022,4,Katsina,Low,84739454,41318909.99,5315,3251,43420544.01
20/04/2022,2022,4,Daura,High,245571016,137398690.3,11144,7381,108172325.7
20/04/2022,2022,4,Funtua,Medium,79504179,91553335.86,1129,568,-12049156.86
20/04/2022,2022,4,Malumfashi,Low,205356835,161980601.1,6640,4090,43376233.88
20/04/2022,2022,4,Dutsin-Ma,High,112755638,85021302.76,32100,11636,27734335.24
20/04/2022,2022,4,Kankia,Low,55614066,31602835.33,4682,2394,24011230.67
20/04/2022,2022,4,Mani,High,83411637,51149762.06,27422,9666,32261874.94
20/04/2022,2022,4,Mashi,Low,218622768,197679410.1,29891,21744,20943357.9
20/04/2022,2022,4,Musawa,Low,242393892,283161371.9,14840,11621,-40767479.9
20/04/2022,2022,4,Bakori,Medium,91471325,104798226.6,28436,19888,-13326901.6
20/04/2022,2022,4,Charanchi,Low,242534534,178725040.2,20819,14689,63809493.85
20/04/2022,2022,4,Jibia,Medium,155640154,171976470.3,3000,1600,-16336316.31
20/04/2022,2022,4,Batsari,Low,86903300,61064796.01,8776,3748,25838503.99
20/04/2022,2022,4,Rimi,High,63049924,37307144.74,33409,19133,25742779.26
20/04/2022,2022,4,Kusada,High,179725861,151866526.4,24003,14676,27859334.56
20/05/2022,2022,5,Katsina,Low,115259471,129817241.8,17181,7403,-14557770.8
20/05/2022,2022,5,Daura,Low,245263465,163438613.1,24482,14145,81824851.94
20/05/2022,2022,5,Funtua,Medium,127344923,121090624.4,24231,14916,6254298.65
20/05/2022,2022,5,Malumfashi,Medium,75625370,40717882.63,32618,11775,34907487.37
20/05/2022,2022,5,Dutsin-Ma,Low,179952294,161076812.4,32584,25160,18875481.64
20/05/2022,2022,5,Kankia,Medium,92018732,62272425.1,32237,16942,29746306.9
20/05/2022,2022,5,Mani,Medium,150238498,153248305.7,23646,15314,-3009807.65
20/05/2022,2022,5,Mashi,Low,56691492,56639197.68,34042,24926,52294.32
20/05/2022,2022,5,Musawa,High,226042270,193091885.9,30132,12962,32950384.14
20/05/2022,2022,5,Bakori,Low,129602860,125327393.8,6724,2380,4275466.17
20/05/2022,2022,5,Charanchi,Medium,181593154,201073223.7,23936,8378,-19480069.68
20/05/2022,2022,5,Jibia,High,29760690,15807030.66,26263,21126,13953659.34
20/05/2022,2022,5,Batsari,High,155545721,150594584.2,19378,14673,4951136.81
20/05/2022,2022,5,Rimi,Medium,71908454,79364427.6,9467,3573,-7455973.6
20/05/2022,2022,5,Kusada,Medium,174239070,175133005.1,22024,17619,-893935.09
20/06/2022,2022,6,Katsina,High,141023809,144735557.2,7175,4027,-3711748.23
20/06/2022,2022,6,Daura,Low,109850242,77048083.45,30871,10884,32802158.55
20/06/2022,2022,6,Funtua,High,50338141,39712009.47,20085,12023,10626131.53
20/06/2022,2022,6,Malumfashi,High,59773943,65077989.91,8987,5679,-5304046.91
20/06/2022,2022,6,Dutsin-Ma,High,167739657,157999531.3,10723,6200,9740125.73
20/06/2022,2022,6,Kankia,Medium,64886828,35262812.33,5911,4164,29624015.67
20/06/2022,2022,6,Mani,Low,71544019,32674319.96,33248,26160,38869699.04
20/06/2022,2022,6,Mashi,High,130642337,145862793.2,19189,12382,-15220456.22
20/06/2022,2022,6,Musawa,Low,178008358,100753540.8,27381,19839,77254817.21
20/06/2022,2022,6,Bakori,Low,47376652,46764180.37,26986,15309,612471.63
20/06/2022,2022,6,Charanchi,Low,44538972,36796309.39,31252,21713,7742662.61
20/06/2022,2022,6,Jibia,Low,235569350,173072218.5,29268,14012,62497131.46
20/06/2022,2022,6,Batsari,Medium,29006662,29676173.73,14885,11586,-669511.73
20/06/2022,2022,6,Rimi,Low,163770675,81035487.7,29228,16463,82735187.3
20/06/2022,2022,6,Kusada,Low,43354127,25201793.63,15564,10313,18152333.37
20/07/2022,2022,7,Katsina,Low,118753315,60149276.83,27942,21902,58604038.17
20/07/2022,2022,7,Daura,High,98278453,92716675.51,4186,2348,5561777.49
20/07/2022,2022,7,Funtua,Low,214646213,174281871.2,33774,21254,40364341.85
20/07/2022,2022,7,Malumfashi,Low,123195428,83286674.93,13072,9477,39908753.07
20/07/2022,2022,7,Dutsin-Ma,Low,172382164,162538436.7,21717,13637,9843727.3
20/07/2022,2022,7,Kankia,Medium,245807597,214071752.1,4127,3227,31735844.91
20/07/2022,2022,7,Mani,Low,155659323,160704063.9,12682,8872,-5044740.85
20/07/2022,2022,7,Mashi,Medium,95213006,96143493.35,33429,13679,-930487.35
20/07/2022,2022,7,Musawa,Low,127188788,120531771.8,13710,5398,6657016.22
20/07/2022,2022,7,Bakori,High,135168479,122637016.7,32098,24939,12531462.33
20/07/2022,2022,7,Charanchi,Medium,132263766,155209815.4,6055,3569,-22946049.35
20/07/2022,2022,7,Jibia,Low,147537781,93971624.56,5227,3273,53566156.44
20/07/2022,2022,7,Batsari,High,240923753,123667748.5,25278,16120,117256004.5
20/07/2022,2022,7,Rimi,Medium,148565340,95925760.42,11841,6606,52639579.58
20/07/2022,2022,7,Kusada,Medium,105265594,70180898.8,4708,1993,35084695.2
20/08/2022,2022,8,Katsina,High,90237019,99044739.68,23939,16165,-8807720.68
20/08/2022,2022,8,Daura,Low,55677148,48157054.36,30180,12364,7520093.64
20/08/2022,2022,8,Funtua,High,40786929,36104445.75,3526,1464,4682483.25
20/08/2022,2022,8,Malumfashi,Medium,239888087,260648102.3,34345,15874,-20760015.32
20/08/2022,2022,8,Dutsin-Ma,Medium,218050485,246940365.3,33273,24351,-28889880.28
20/08/2022,2022,8,Kankia,Medium,100751802,56081440.14,30955,19665,44670361.86
20/08/2022,2022,8,Mani,Low,53548880,38330809.14,32282,19309,15218070.86
20/08/2022,2022,8,Mashi,Low,30140823,29057242.02,17204,7902,1083580.98
20/08/2022,2022,8,Musawa,High,197862783,154085378,20499,9330,43777405.03
20/08/2022,2022,8,Bakori,Low,91849012,78321080.68,12203,8024,13527931.32
20/08/2022,2022,8,Charanchi,High,206787005,105798594.2,16506,6075,100988410.8
20/08/2022,2022,8,Jibia,Low,80445117,41781939.5,9230,6924,38663177.5
20/08/2022,2022,8,Batsari,Medium,247912202,192842058.4,24704,12639,55070143.64
20/08/2022,2022,8,Rimi,Low,115950784,82235192.42,1328,988,33715591.58
20/08/2022,2022,8,Kusada,Medium,136588521,85938565.64,17075,13202,50649955.36
20/09/2022,2022,9,Katsina,Medium,78615682,82081018.45,12708,4806,-3465336.45
20/09/2022,2022,9,Daura,High,62575124,36300071.73,24853,13254,26275052.27
20/09/2022,2022,9,Funtua,Low,140598355,152692647.8,3781,2940,-12094292.77
20/09/2022,2022,9,Malumfashi,High,100224044,55950274.48,31062,17443,44273769.52
20/09/2022,2022,9,Dutsin-Ma,Medium,139498860,90302046.66,22928,15980,49196813.34
20/09/2022,2022,9,Kankia,Medium,180553669,133118155.1,8620,3960,47435513.9
20/09/2022,2022,9,Mani,Medium,33727506,18773961.07,31552,20798,14953544.93
20/09/2022,2022,9,Mashi,Low,170561621,155341842.3,34668,20418,15219778.7
20/09/2022,2022,9,Musawa,High,152281832,70738580.85,4206,2516,81543251.15
20/09/2022,2022,9,Bakori,Medium,100456815,98693418.32,33973,25723,1763396.68
20/09/2022,2022,9,Charanchi,Low,101937952,56823470.31,15516,8126,45114481.69
20/09/2022,2022,9,Jibia,High,172530912,205684448.5,19153,11083,-33153536.47
20/09/2022,2022,9,Batsari,Medium,162657242,148536339.7,27999,22849,14120902.34
20/09/2022,2022,9,Rimi,Medium,213163967,216487591.1,13003,7788,-3323624.08
20/09/2022,2022,9,Kusada,High,220988314,208437904.9,3956,1534,12550409.14
20/10/2022,2022,10,Katsina,Medium,233077119,149557067.8,28702,12350,83520051.19
20/10/2022,2022,10,Daura,Low,240221959,189633302.3,12663,9619,50588656.71
20/10/2022,2022,10,Funtua,High,51703281,60970801.66,9892,5547,-9267520.66
20/10/2022,2022,10,Malumfashi,Low,182276358,172307339.9,33619,16030,9969018.13
20/10/2022,2022,10,Dutsin-Ma,High,110321060,102336286.9,26147,13366,7984773.1
20/10/2022,2022,10,Kankia,Low,152070658,104690241,16677,8589,47380417.05
20/10/2022,2022,10,Mani,Medium,161207829,98140113.57,17454,10300,63067715.43
20/10/2022,2022,10,Mashi,Low,173296913,122222328.2,23851,18097,51074584.84
20/10/2022,2022,10,Musawa,High,156310695,183296783.4,34130,14108,-26986088.4
20/10/2022,2022,10,Bakori,Low,171008049,152601063.6,29205,18601,18406985.38
20/10/2022,2022,10,Charanchi,Low,182994008,167334570.1,34331,22835,15659437.89
20/10/2022,2022,10,Jibia,High,107899020,57843170.73,31810,22645,50055849.27
20/10/2022,2022,10,Batsari,High,123208319,93061952.91,31183,19125,30146366.09
20/10/2022,2022,10,Rimi,Low,241645124,126716136.1,9881,7426,114928987.9
20/10/2022,2022,10,Kusada,High,249483150,131944902,34687,16243,117538248
20/11/2022,2022,11,Katsina,Medium,195052324,188261463.5,8119,4238,6790860.54
20/11/2022,2022,11,Daura,Medium,136243693,107294727.2,18784,7384,28948965.78
20/11/2022,2022,11,Funtua,Medium,99469421,65807091.94,12860,7628,33662329.06
20/11/2022,2022,11,Malumfashi,High,247621728,172633521.3,34934,24387,74988206.72
20/11/2022,2022,11,Dutsin-Ma,Low,31194595,14983860.5,6190,2927,16210734.5
20/11/2022,2022,11,Kankia,Medium,207330580,248371718.1,11332,4567,-41041138.13
20/11/2022,2022,11,Mani,Low,91075932,48934965.63,8673,4631,42140966.37
20/11/2022,2022,11,Mashi,High,140858255,110576538.7,20597,16008,30281716.28
20/11/2022,2022,11,Musawa,Low,124377601,132163631.9,16690,11468,-7786030.85
20/11/2022,2022,11,Bakori,High,115881121,124888720.5,12960,9923,-9007599.51
20/11/2022,2022,11,Charanchi,Low,117230657,59654388.29,16218,6805,57576268.71
20/11/2022,2022,11,Jibia,Low,68264223,75250166.22,10913,8216,-6985943.22
20/11/2022,2022,11,Batsari,Low,97099767,45894253.83,33649,15148,51205513.17
20/11/2022,2022,11,Rimi,Low,165926183,166975768.5,21987,9768,-1049585.54
20/11/2022,2022,11,Kusada,Medium,196454400,137962185,29691,16003,58492215.01
20/12/2022,2022,12,Katsina,Medium,100528406,80851636.6,27065,20183,19676769.4
20/12/2022,2022,12,Daura,Low,67181049,60209172.75,1142,932,6971876.25
20/12/2022,2022,12,Funtua,High,149123436,120107136,26875,18169,29016300.02
20/12/2022,2022,12,Malumfashi,Medium,224927972,238474984.6,31336,23408,-13547012.63
20/12/2022,2022,12,Dutsin-Ma,Low,157645873,123435866,12424,5035,34210007.04
20/12/2022,2022,12,Kankia,Medium,174093005,169996439.3,18458,14235,4096565.71
20/12/2022,2022,12,Mani,Low,133576556,92316624.49,15020,11923,41259931.51
20/12/2022,2022,12,Mashi,High,76091707,61720272.09,10812,6503,14371434.91
20/12/2022,2022,12,Musawa,Low,152470639,153819616.7,21778,17594,-1348977.73
20/12/2022,2022,12,Bakori,Low,86181489,87667496.77,14651,6974,-1486007.77
20/12/2022,2022,12,Charanchi,High,111977492,107395377.5,28619,15924,4582114.49
20/12/2022,2022,12,Jibia,High,150735869,108889842.3,10344,7443,41846026.67
20/12/2022,2022,12,Batsari,Medium,32917824,19191745.56,19103,15222,13726078.44
20/12/2022,2022,12,Rimi,Medium,58494797,47596070.58,21744,12181,10898726.42
20/12/2022,2022,12,Kusada,High,172243110,109377209.6,20603,16439,62865900.43
20/01/2023,2023,1,Katsina,High,198493321,221969070.7,33376,14093,-23475749.66
20/01/2023,2023,1,Daura,Medium,142658612,79105446.79,31679,14935,63553165.21
20/01/2023,2023,1,Funtua,Medium,114717628,56923508.24,30631,22869,57794119.76
20/01/2023,2023,1,Malumfashi,Medium,161388650,181517757.2,25628,10215,-20129107.23
20/01/2023,2023,1,Dutsin-Ma,Low,133667521,61590673.62,15722,8838,72076847.38
20/01/2023,2023,1,Kankia,Low,105328982,115379465,14729,8300,-10050482.97
20/01/2023,2023,1,Mani,High,86573269,99760842.1,29214,19893,-13187573.1
20/01/2023,2023,1,Mashi,Low,182087007,88166196.38,19983,8527,93920810.62
20/01/2023,2023,1,Musawa,High,63533358,42239253.37,14835,8356,21294104.63
20/01/2023,2023,1,Bakori,Medium,218198298,101718749.3,23462,18227,116479548.7
20/01/2023,2023,1,Charanchi,Medium,167298014,84559982.8,22175,15223,82738031.2
20/01/2023,2023,1,Jibia,Medium,121540527,143351577.9,18429,10779,-21811050.9
20/01/2023,2023,1,Batsari,Medium,181632325,145218873.5,26569,19926,36413451.47
20/01/2023,2023,1,Rimi,High,155675043,106347821.4,29268,17194,49327221.58
20/01/2023,2023,1,Kusada,Low,200743819,118261844.2,6334,2993,82481974.81
20/02/2023,2023,2,Katsina,Medium,79738596,60504870.81,9604,4840,19233725.19
20/02/2023,2023,2,Daura,High,131784918,112334537.3,10963,5763,19450380.71
20/02/2023,2023,2,Funtua,Medium,28680948,20643155.51,26957,16330,8037792.49
20/02/2023,2023,2,Malumfashi,Low,138964986,102166071.1,14688,10104,36798914.91
20/02/2023,2023,2,Dutsin-Ma,High,159120844,184611914.6,9513,6660,-25491070.55
20/02/2023,2023,2,Kankia,Low,199841678,113063570.1,8351,5347,86778107.87
20/02/2023,2023,2,Mani,Medium,145683982,78086769.98,26012,14579,67597212.02
20/02/2023,2023,2,Mashi,High,90758780,70630323.58,31529,14820,20128456.42
20/02/2023,2023,2,Musawa,Low,201723812,141250280.6,34939,18994,60473531.39
20/02/2023,2023,2,Bakori,Medium,105256461,110173968.9,18574,11543,-4917507.92
20/02/2023,2023,2,Charanchi,High,157479165,114767309.4,11086,5032,42711855.58
20/02/2023,2023,2,Jibia,Medium,108367033,72215748.82,31482,17912,36151284.18
20/02/2023,2023,2,Batsari,Medium,100859841,62232920.27,11002,5713,38626920.73
20/02/2023,2023,2,Rimi,Medium,128755206,102883101.4,25014,15708,25872104.65
20/02/2023,2023,2,Kusada,High,155998693,165754543.1,29674,14637,-9755850.13
20/03/2023,2023,3,Katsina,High,108021692,96567312.75,17131,6479,11454379.25
20/03/2023,2023,3,Daura,Medium,80855241,70387765.72,2978,1952,10467475.28
20/03/2023,2023,3,Funtua,Medium,219354700,101601800.5,20145,14632,117752899.5
20/03/2023,2023,3,Malumfashi,Low,233072778,158124859.4,9973,5435,74947918.59
20/03/2023,2023,3,Dutsin-Ma,High,130891501,115367262.7,2261,1351,15524238.27
20/03/2023,2023,3,Kankia,Medium,173959153,127666283.8,30057,20071,46292869.19
20/03/2023,2023,3,Mani,High,225238208,239536292.6,25741,19637,-14298084.62
20/03/2023,2023,3,Mashi,Medium,203317034,91783117.55,19184,7198,111533916.5
20/03/2023,2023,3,Musawa,Low,120894638,83946695.94,22916,12734,36947942.06
20/03/2023,2023,3,Bakori,High,148933114,119879139.2,22094,11686,29053974.8
20/03/2023,2023,3,Charanchi,Low,107258609,71093436.48,3911,1413,36165172.52
20/03/2023,2023,3,Jibia,Low,87787609,65051698.98,2786,1672,22735910.02
20/03/2023,2023,3,Batsari,Medium,81722233,56431109.32,31144,16866,25291123.68
20/03/2023,2023,3,Rimi,Medium,42640412,20630962.53,4759,2168,22009449.47
20/03/2023,2023,3,Kusada,High,164735049,189798631.1,11376,7730,-25063582.12
20/04/2023,2023,4,Katsina,Low,49459243,55354635.99,20975,14474,-5895392.99
20/04/2023,2023,4,Daura,Medium,103333723,63207719.12,33129,19397,40126003.88
20/04/2023,2023,4,Funtua,Low,178011060,105645220,22385,13048,72365839.97
20/04/2023,2023,4,Malumfashi,High,131300049,146663500.4,19381,12450,-15363451.36
20/04/2023,2023,4,Dutsin-Ma,Medium,190973724,123119657.1,8716,6751,67854066.9
20/04/2023,2023,4,Kankia,High,62373822,58324356.24,17101,7560,4049465.76
20/04/2023,2023,4,Mani,High,216239342,168040563.1,15034,9973,48198778.86
20/04/2023,2023,4,Mashi,Medium,25462401,16633004.89,6957,3410,8829396.11
20/04/2023,2023,4,Musawa,High,157547915,131921046.4,3417,1907,25626868.65
20/04/2023,2023,4,Bakori,Low,179702463,114309131.1,4217,2782,65393331.91
20/04/2023,2023,4,Charanchi,Low,232337971,144871089.9,5976,3055,87466881.11
20/04/2023,2023,4,Jibia,Medium,63044145,53983491.7,17838,11820,9060653.3
20/04/2023,2023,4,Batsari,Medium,126076273,143430306.7,7049,4748,-17354033.67
20/04/2023,2023,4,Rimi,Low,117559251,95951798.04,22042,10283,21607452.96
20/04/2023,2023,4,Kusada,Low,58108716,67416900.59,34055,22265,-9308184.59
20/05/2023,2023,5,Katsina,Medium,163106594,149572006.4,5648,3209,13534587.61
20/05/2023,2023,5,Daura,Medium,69888411,32807209.32,18174,7973,37081201.68
20/05/2023,2023,5,Funtua,Low,118136593,74588075.22,31601,25399,43548517.78
20/05/2023,2023,5,Malumfashi,Medium,87729109,56886953.46,26057,20584,30842155.54
20/05/2023,2023,5,Dutsin-Ma,High,249342692,139809694.3,27236,9756,109532997.7
20/05/2023,2023,5,Kankia,Medium,249690599,116743887.6,22045,9905,132946711.5
20/05/2023,2023,5,Mani,Medium,209995498,153953247.4,25990,19775,56042250.6
20/05/2023,2023,5,Mashi,Medium,89106206,71306898.18,33545,17848,17799307.82
20/05/2023,2023,5,Musawa,Low,91198071,61101272.67,4394,3589,30096798.33
20/05/2023,2023,5,Bakori,Low,46747408,23852932.47,31059,23184,22894475.53
20/05/2023,2023,5,Charanchi,Medium,36738616,20839878.92,5389,3568,15898737.08
20/05/2023,2023,5,Jibia,Low,34442439,21436720.91,12864,8064,13005718.09
20/05/2023,2023,5,Batsari,Low,246208995,146454262.2,27459,11385,99754732.83
20/05/2023,2023,5,Rimi,Low,162581804,136688842,34910,21061,25892962
20/05/2023,2023,5,Kusada,Medium,238847274,273460800.4,19132,11807,-34613526.37
20/06/2023,2023,6,Katsina,Low,220717895,150511700.8,1924,818,70206194.23
20/06/2023,2023,6,Daura,Medium,188610224,133154445.7,5558,2517,55455778.26
20/06/2023,2023,6,Funtua,Medium,159924713,103382939.3,30277,17569,56541773.73
20/06/2023,2023,6,Malumfashi,Low,164763189,126748856.3,12350,7990,38014332.66
20/06/2023,2023,6,Dutsin-Ma,Low,241402235,213639040.1,23430,13128,27763194.93
20/06/2023,2023,6,Kankia,High,125842889,92459836.21,5672,2739,33383052.79
20/06/2023,2023,6,Mani,Low,102590237,107168634.8,3107,1124,-4578397.76
20/06/2023,2023,6,Mashi,High,163805468,173387778,15030,10505,-9582310.04
20/06/2023,2023,6,Musawa,Low,235783550,249627915.5,32358,24174,-13844365.53
20/06/2023,2023,6,Bakori,Medium,49069892,35081253.22,34847,27867,13988638.78
20/06/2023,2023,6,Charanchi,High,106396553,108904900.7,28827,20425,-2508347.71
20/06/2023,2023,6,Jibia,Medium,171246439,99028759.7,14346,9370,72217679.3
20/06/2023,2023,6,Batsari,Medium,216765541,226202397.1,27126,11777,-9436856.12
20/06/2023,2023,6,Rimi,Medium,124033455,92263788.67,20340,9493,31769666.33
20/06/2023,2023,6,Kusada,Medium,92368113,89824674.32,34185,17865,2543438.68
20/07/2023,2023,7,Katsina,Low,194228232,117992365.3,13688,6127,76235866.71
20/07/2023,2023,7,Daura,Medium,82690762,82509430.32,16029,9992,181331.68
20/07/2023,2023,7,Funtua,Medium,241347545,225606963.2,31014,13583,15740581.77
20/07/2023,2023,7,Malumfashi,Medium,247535997,156988749.1,32609,21877,90547247.95
20/07/2023,2023,7,Dutsin-Ma,Low,78218201,61526199.76,25593,14683,16692001.24
20/07/2023,2023,7,Kankia,High,192110870,158121210.9,20933,9410,33989659.14
20/07/2023,2023,7,Mani,Medium,220309360,204212526.3,2017,1174,16096833.71
20/07/2023,2023,7,Mashi,High,89755332,78116492.84,13637,10585,11638839.16
20/07/2023,2023,7,Musawa,Medium,184712709,167797694.5,33814,25259,16915014.52
20/07/2023,2023,7,Bakori,Low,144382782,104727782.6,21919,10773,39654999.38
20/07/2023,2023,7,Charanchi,Low,119231193,69547923.14,13990,7018,49683269.86
20/07/2023,2023,7,Jibia,Medium,232074126,207940487.2,19518,12036,24133638.8
20/07/2023,2023,7,Batsari,Low,116958903,126431637.5,18658,11965,-9472734.52
20/07/2023,2023,7,Rimi,High,246967344,156297950.7,25517,16024,90669393.3
20/07/2023,2023,7,Kusada,High,165008081,169348086.1,9340,6221,-4340005.14
20/08/2023,2023,8,Katsina,Medium,135842314,80504387.18,4479,2173,55337926.82
20/08/2023,2023,8,Daura,Low,218513835,243302344.4,1324,996,-24788509.4
20/08/2023,2023,8,Funtua,High,41379683,44422294.81,32911,22398,-3042611.81
20/08/2023,2023,8,Malumfashi,Medium,200707225,154428714.4,28068,21891,46278510.57
20/08/2023,2023,8,Dutsin-Ma,Medium,174376943,78631714.52,21214,8169,95745228.48
20/08/2023,2023,8,Kankia,High,35939234,42148197.68,32342,20410,-6208963.68
20/08/2023,2023,8,Mani,High,49830945,33585468.42,21717,9659,16245476.58
20/08/2023,2023,8,Mashi,Low,242432552,121623667.1,8912,3490,120808884.9
20/08/2023,2023,8,Musawa,High,161610875,192307034.8,9867,5889,-30696159.79
20/08/2023,2023,8,Bakori,High,247134329,115199265,20726,13727,131935064
20/08/2023,2023,8,Charanchi,Low,30585969,27027848.17,30840,12203,3558120.83
20/08/2023,2023,8,Jibia,Low,86102577,65794254.19,25370,12564,20308322.81
20/08/2023,2023,8,Batsari,Low,142776846,71168425,4494,2607,71608421
20/08/2023,2023,8,Rimi,Medium,98715579,115764215.8,6260,4979,-17048636.77
20/08/2023,2023,8,Kusada,High,76755079,72313294.66,17324,6449,4441784.34
20/09/2023,2023,9,Katsina,High,65911515,43522676.05,20589,11666,22388838.95
20/09/2023,2023,9,Daura,High,133683882,65486394.77,2983,2404,68197487.23
20/09/2023,2023,9,Funtua,Low,113680851,81873347.56,5508,3009,31807503.44
20/09/2023,2023,9,Malumfashi,High,100842155,107403017.6,33684,22592,-6560862.59
20/09/2023,2023,9,Dutsin-Ma,Medium,199143309,97714274.01,27303,21549,101429035
20/09/2023,2023,9,Kankia,Medium,243402450,257006331.4,8548,3949,-13603881.38
20/09/2023,2023,9,Mani,High,178691141,163740778.9,1162,869,14950362.12
20/09/2023,2023,9,Mashi,High,171869710,180251425.2,33840,16880,-8381715.17
20/09/2023,2023,9,Musawa,Medium,199324369,214337482.3,29658,17671,-15013113.28
20/09/2023,2023,9,Bakori,Low,212865855,124658237.4,15251,12403,88207617.59
20/09/2023,2023,9,Charanchi,Medium,45566250,52857649.28,21488,14968,-7291399.28
20/09/2023,2023,9,Jibia,High,62680806,64818279.59,32369,20835,-2137473.59
20/09/2023,2023,9,Batsari,Low,182208835,203448167.2,26080,16968,-21239332.22
20/09/2023,2023,9,Rimi,High,208839472,204667460.4,5465,3403,4172011.64
20/09/2023,2023,9,Kusada,Low,194605734,167630061.9,6968,4315,26975672.07
20/10/2023,2023,10,Katsina,Low,247363216,124155590,9796,7767,123207626
20/10/2023,2023,10,Daura,High,80480370,89144205.78,28421,21580,-8663835.78
20/10/2023,2023,10,Funtua,Low,72224099,41747669.56,17028,9277,30476429.44
20/10/2023,2023,10,Malumfashi,Medium,53788188,57635030.18,18186,11751,-3846842.18
20/10/2023,2023,10,Dutsin-Ma,High,220936391,194064381.3,26153,14173,26872009.68
20/10/2023,2023,10,Kankia,Low,243163567,227135223.5,31459,23072,16028343.52
20/10/2023,2023,10,Mani,High,222086922,208773747.7,23907,9631,13313174.32
20/10/2023,2023,10,Mashi,High,145292570,65657247.94,9022,5951,79635322.06
20/10/2023,2023,10,Musawa,Low,96495561,113059700.8,32505,14053,-16564139.75
20/10/2023,2023,10,Bakori,Medium,129202685,68499309.79,10481,6634,60703375.21
20/10/2023,2023,10,Charanchi,Medium,206334789,149752019.6,4320,2242,56582769.45
20/10/2023,2023,10,Jibia,High,150792201,103161928.3,7074,3605,47630272.75
20/10/2023,2023,10,Batsari,Medium,203792031,192820317.1,29903,24496,10971713.91
20/10/2023,2023,10,Rimi,Medium,209285449,166848027.2,12187,9899,42437421.8
20/10/2023,2023,10,Kusada,High,56773729,52426955.1,11666,5373,4346773.9
20/11/2023,2023,11,Katsina,Medium,150551748,89722922.27,19312,14422,60828825.73
20/11/2023,2023,11,Daura,High,62090228,30321765.47,13004,9929,31768462.53
20/11/2023,2023,11,Funtua,Medium,104787529,83106092.85,21487,15063,21681436.15
20/11/2023,2023,11,Malumfashi,High,47164451,25267757.42,13250,7638,21896693.58
20/11/2023,2023,11,Dutsin-Ma,Medium,221256449,169122718.3,17251,6338,52133730.66
20/11/2023,2023,11,Kankia,Medium,124094693,117081359.6,28713,12506,7013333.44
20/11/2023,2023,11,Mani,Low,118569581,88083794.82,9709,5465,30485786.18
20/11/2023,2023,11,Mashi,Medium,223867369,166022719.3,13072,10556,57844649.67
20/11/2023,2023,11,Musawa,Low,60948257,35058228.68,30140,13755,25890028.32
20/11/2023,2023,11,Bakori,Low,142314634,168336872.1,20841,8106,-26022238.08
20/11/2023,2023,11,Charanchi,Medium,126157301,115894316.3,20556,12376,10262984.71
20/11/2023,2023,11,Jibia,Low,49579362,37328646.51,12017,5065,12250715.49
20/11/2023,2023,11,Batsari,High,73630618,40109361.14,29560,23722,33521256.86
20/11/2023,2023,11,Rimi,Medium,180718074,165871048.1,20613,11293,14847025.88
20/11/2023,2023,11,Kusada,Low,93900882,97488524.18,15407,11059,-3587642.18
20/12/2023,2023,12,Katsina,Low,165272062,194887842,21924,13510,-29615779.96
20/12/2023,2023,12,Daura,Low,204929888,213499631.8,12675,10280,-8569743.83
20/12/2023,2023,12,Funtua,High,147146343,138589185.6,34028,23164,8557157.45
20/12/2023,2023,12,Malumfashi,Medium,89889297,65025738.75,8414,6258,24863558.25
20/12/2023,2023,12,Dutsin-Ma,High,142116060,132970706.9,5076,2144,9145353.1
20/12/2023,2023,12,Kankia,Low,103360304,75913589.79,5612,2133,27446714.21
20/12/2023,2023,12,Mani,Low,77206424,68059619.54,5623,3016,9146804.46
20/12/2023,2023,12,Mashi,High,47723655,32883067.09,23350,14005,14840587.91
20/12/2023,2023,12,Musawa,Low,153668510,111620308.4,8985,4173,42048201.6
20/12/2023,2023,12,Bakori,Low,172470503,99944179.3,31340,22904,72526323.7
20/12/2023,2023,12,Charanchi,Medium,172437510,119377236.7,4987,2712,53060273.3
20/12/2023,2023,12,Jibia,Low,177372503,143341829.1,4408,3490,34030673.86
20/12/2023,2023,12,Batsari,Medium,31126522,35902774.08,14004,5536,-4776252.08
20/12/2023,2023,12,Rimi,Low,95077216,50106808.38,19466,10237,44970407.62
20/12/2023,2023,12,Kusada,Low,151506411,136528218.6,33935,18918,14978192.37
20/01/2024,2024,1,Katsina,Low,167927554,99651366.81,30231,14337,68276187.19
20/01/2024,2024,1,Daura,Medium,110131451,62880359.7,13396,8857,47251091.3
20/01/2024,2024,1,Funtua,Medium,97383320,71869669.05,4533,3584,25513650.95
20/01/2024,2024,1,Malumfashi,Low,64703296,45440918.72,30724,22842,19262377.28
20/01/2024,2024,1,Dutsin-Ma,Low,67132499,70835203.61,9508,4464,-3702704.61
20/01/2024,2024,1,Kankia,High,27842322,20160995.47,22123,11951,7681326.53
20/01/2024,2024,1,Mani,Low,230965409,261598068.8,1133,875,-30632659.75
20/01/2024,2024,1,Mashi,Low,196110901,89624803.3,20751,15157,106486097.7
20/01/2024,2024,1,Musawa,High,172599234,164637681.7,18925,14804,7961552.31
20/01/2024,2024,1,Bakori,Medium,134391934,142664799.8,11784,5136,-8272865.8
20/01/2024,2024,1,Charanchi,Medium,199183189,190159465,29971,24451,9023723.96
20/01/2024,2024,1,Jibia,Medium,149290767,118247855.1,22779,11069,31042911.94
20/01/2024,2024,1,Batsari,High,51551157,56242157.64,26840,13012,-4691000.64
20/01/2024,2024,1,Rimi,Low,210634483,188853595.6,14888,8450,21780887.43
20/01/2024,2024,1,Kusada,Low,162984152,75499177.49,17877,7746,87484974.51
20/02/2024,2024,2,Katsina,Low,225805794,236981928.4,34737,21020,-11176134.37
20/02/2024,2024,2,Daura,High,210257656,132823339.5,19833,9856,77434316.5
20/02/2024,2024,2,Funtua,Medium,242209352,191813330.1,20328,12689,50396021.95
20/02/2024,2024,2,Malumfashi,Low,123616145,145467312.3,31477,13848,-21851167.31
20/02/2024,2024,2,Dutsin-Ma,Low,122387968,111442919.3,8430,5144,10945048.66
20/02/2024,2024,2,Kankia,High,241991865,281470526.6,17388,10795,-39478661.57
20/02/2024,2024,2,Mani,Medium,29959801,22412902.57,10645,7315,7546898.43
20/02/2024,2024,2,Mashi,Medium,221984168,220348391.5,13618,8521,1635776.5
20/02/2024,2024,2,Musawa,High,151689371,106596925.8,1478,964,45092445.23
20/02/2024,2024,2,Bakori,High,26197664,23244007,33120,21904,2953657
20/02/2024,2024,2,Charanchi,Medium,126325018,147891015.1,12387,7572,-21565997.05
20/02/2024,2024,2,Jibia,Medium,66250766,31026470.78,13904,9017,35224295.22
20/02/2024,2024,2,Batsari,High,185176870,100030684.8,4551,2262,85146185.17
20/02/2024,2024,2,Rimi,High,176438276,196527729.3,4894,3760,-20089453.27
20/02/2024,2024,2,Kusada,Medium,86397679,64179216.61,8138,4355,22218462.39
20/03/2024,2024,3,Katsina,High,243463682,208880319.3,18327,9819,34583362.67
20/03/2024,2024,3,Daura,Low,62984641,69241901.77,21701,13886,-6257260.77
20/03/2024,2024,3,Funtua,Low,163006845,138149529.8,28618,10370,24857315.16
20/03/2024,2024,3,Malumfashi,Medium,111162840,121712208.6,24019,19342,-10549368.63
20/03/2024,2024,3,Dutsin-Ma,Low,197765480,114305935.2,19275,8043,83459544.82
20/03/2024,2024,3,Kankia,Low,208014803,163613581.9,31770,17331,44401221.06
20/03/2024,2024,3,Mani,High,192091171,185191310.9,12782,7957,6899860.11
20/03/2024,2024,3,Mashi,High,110542886,94847753.55,17094,6589,15695132.45
20/03/2024,2024,3,Musawa,Low,132472579,148169130.5,2925,1140,-15696551.53
20/03/2024,2024,3,Bakori,Low,241767367,120027737.6,11258,9199,121739629.4
20/03/2024,2024,3,Charanchi,Medium,128023439,58300012.75,17864,8268,69723426.25
20/03/2024,2024,3,Jibia,Low,75087459,53111314.61,2076,1001,21976144.39
20/03/2024,2024,3,Batsari,Low,227111431,258690857.1,11402,8199,-31579426.09
20/03/2024,2024,3,Rimi,High,196717064,203764152.4,27384,21528,-7047088.42
20/03/2024,2024,3,Kusada,Low,78770532,84224683.96,10311,7602,-5454151.96
20/04/2024,2024,4,Katsina,Medium,164904842,119556854.3,6436,4502,45347987.74
20/04/2024,2024,4,Daura,Medium,148420663,68622884.82,29179,23723,79797778.18
20/04/2024,2024,4,Funtua,Medium,115358207,100168149.8,27041,20215,15190057.16
20/04/2024,2024,4,Malumfashi,High,205888248,161258913,18632,13676,44629334.97
20/04/2024,2024,4,Dutsin-Ma,High,222578162,105393676.1,5074,3265,117184485.9
20/04/2024,2024,4,Kankia,Medium,68774304,61338539.19,27879,12820,7435764.81
20/04/2024,2024,4,Mani,Low,126256443,151035908.4,29954,16291,-24779465.42
20/04/2024,2024,4,Mashi,Low,27728920,19575731.89,19643,10689,8153188.11
20/04/2024,2024,4,Musawa,Medium,189143387,90220884.03,27216,17185,98922502.97
20/04/2024,2024,4,Bakori,Medium,241453536,150193170.8,12712,7867,91260365.24
20/04/2024,2024,4,Charanchi,Medium,67158402,50188567.26,2266,1105,16969834.74
20/04/2024,2024,4,Jibia,High,129585826,70880732.44,26787,12183,58705093.56
20/04/2024,2024,4,Batsari,High,225483223,243791026.9,27803,16073,-18307803.93
20/04/2024,2024,4,Rimi,High,237950801,192376160.8,28516,19475,45574640.21
20/04/2024,2024,4,Kusada,High,76093657,61770802.04,12511,9389,14322854.96
20/05/2024,2024,5,Katsina,High,176370193,193405663,31186,18498,-17035470
20/05/2024,2024,5,Daura,Low,205476824,197645602.6,3245,1899,7831221.36
20/05/2024,2024,5,Funtua,Medium,145750910,140810369.3,3054,1113,4940540.66
20/05/2024,2024,5,Malumfashi,Low,114713061,103052590.6,5569,2704,11660470.41
20/05/2024,2024,5,Dutsin-Ma,High,59211232,52133064.28,30978,18223,7078167.72
20/05/2024,2024,5,Kankia,Medium,119165474,96743452.83,30212,10575,22422021.17
20/05/2024,2024,5,Mani,Medium,29472303,17558255.27,8348,5297,11914047.73
20/05/2024,2024,5,Mashi,Low,185703139,163878745.1,20704,16156,21824393.95
20/05/2024,2024,5,Musawa,High,53731839,38287615.05,23431,16836,15444223.95
20/05/2024,2024,5,Bakori,High,192181880,150726438.9,16808,10769,41455441.14
20/05/2024,2024,5,Charanchi,High,27611485,27532310.38,7959,5117,79174.62
20/05/2024,2024,5,Jibia,Medium,206449800,208400132.3,24433,14356,-1950332.31
20/05/2024,2024,5,Batsari,Low,222140758,263252837.6,34160,16019,-41112079.59
20/05/2024,2024,5,Rimi,Medium,222356158,200622157.1,22801,11405,21734000.94
20/05/2024,2024,5,Kusada,High,76526575,85856670.54,27139,18428,-9330095.54
20/06/2024,2024,6,Katsina,Medium,39037404,40290805.25,7171,2545,-1253401.25
20/06/2024,2024,6,Daura,High,146913635,160199452.7,25303,12053,-13285817.69
20/06/2024,2024,6,Funtua,Low,196940503,97542904.26,32435,20338,99397598.74
20/06/2024,2024,6,Malumfashi,Low,89504653,92625063.97,30413,15299,-3120410.97
20/06/2024,2024,6,Dutsin-Ma,Medium,33514027,25007702.93,26168,21211,8506324.07
20/06/2024,2024,6,Kankia,Low,66923331,51419796.09,23642,11162,15503534.91
20/06/2024,2024,6,Mani,Medium,79921856,56179640,4792,3427,23742216
20/06/2024,2024,6,Mashi,Medium,120229918,108332259.7,31841,14558,11897658.32
20/06/2024,2024,6,Musawa,Medium,213239160,167661396.3,19240,13484,45577763.73
20/06/2024,2024,6,Bakori,Medium,153232258,128413022.4,10777,4627,24819235.61
20/06/2024,2024,6,Charanchi,Low,178162137,144313186.1,3897,2106,33848950.9
20/06/2024,2024,6,Jibia,High,94928582,99103169.84,8242,5138,-4174587.84
20/06/2024,2024,6,Batsari,High,232065528,272776992,24449,13798,-40711464.03
20/06/2024,2024,6,Rimi,Medium,37169603,31967299.06,17935,7135,5202303.94
20/06/2024,2024,6,Kusada,Low,37649284,25289275.11,17923,14258,12360008.89
20/07/2024,2024,7,Katsina,Medium,205721920,111455457.4,1542,1244,94266462.61
20/07/2024,2024,7,Daura,Medium,106513863,58676890.57,11236,8193,47836972.43
20/07/2024,2024,7,Funtua,Medium,92758832,103057595.8,24884,17658,-10298763.75
20/07/2024,2024,7,Malumfashi,Low,184034262,216346629.3,1967,1341,-32312367.31
20/07/2024,2024,7,Dutsin-Ma,High,123212262,80045838.83,14135,7170,43166423.17
20/07/2024,2024,7,Kankia,Medium,34320873,40058948.14,26796,16416,-5738075.14
20/07/2024,2024,7,Mani,Medium,169020290,76531476.04,19153,9641,92488813.96
20/07/2024,2024,7,Mashi,Medium,47627697,56643931.23,12409,8019,-9016234.23
20/07/2024,2024,7,Musawa,Low,76522355,39271747.35,30829,13206,37250607.65
20/07/2024,2024,7,Bakori,Medium,191406874,92015637.81,18810,13717,99391236.19
20/07/2024,2024,7,Charanchi,Low,162353219,164852052.8,20284,12321,-2498833.83
20/07/2024,2024,7,Jibia,Low,84007051,93054307.69,4878,3645,-9047256.69
20/07/2024,2024,7,Batsari,Low,243534713,211303597.9,30262,18202,32231115.12
20/07/2024,2024,7,Rimi,Low,233231224,277710817,17332,10092,-44479593.02
20/07/2024,2024,7,Kusada,Medium,213675620,207810536.2,27917,21281,5865083.83
20/08/2024,2024,8,Katsina,Medium,162884891,162568145.1,31220,22073,316745.87
20/08/2024,2024,8,Daura,Low,234330193,126532095,6244,3457,107798098
20/08/2024,2024,8,Funtua,High,110358425,112887670,34808,23337,-2529245.02
20/08/2024,2024,8,Malumfashi,Medium,26080872,15171603.44,3670,2321,10909268.56
20/08/2024,2024,8,Dutsin-Ma,Low,242112693,229091478,10345,7682,13021214.98
20/08/2024,2024,8,Kankia,Medium,52133836,40857588.64,11759,7144,11276247.36
20/08/2024,2024,8,Mani,High,153164425,128481310.3,32428,26329,24683114.75
20/08/2024,2024,8,Mashi,Low,127812286,89066756.18,6734,4109,38745529.82
20/08/2024,2024,8,Musawa,High,215878904,186484614.4,7654,3259,29394289.65
20/08/2024,2024,8,Bakori,Medium,205759637,126148338.5,12801,9162,79611298.5
20/08/2024,2024,8,Charanchi,High,119581534,54458264.68,1418,936,65123269.32
20/08/2024,2024,8,Jibia,Low,176466280,127620544,14947,10654,48845735.96
20/08/2024,2024,8,Batsari,Medium,152205800,168181866.2,15465,10363,-15976066.19
20/08/2024,2024,8,Rimi,High,246025979,189354538.8,26934,16645,56671440.23
20/08/2024,2024,8,Kusada,Medium,120312099,97176208,22634,8177,23135891
20/09/2024,2024,9,Katsina,High,31245180,23154416.22,10714,6133,8090763.78
20/09/2024,2024,9,Daura,High,85405271,66870491.78,2817,1524,18534779.22
20/09/2024,2024,9,Funtua,High,180274489,110656407.8,32502,22331,69618081.23
20/09/2024,2024,9,Malumfashi,Low,142320859,167408140.2,15964,12691,-25087281.23
20/09/2024,2024,9,Dutsin-Ma,Medium,110234898,128571867.3,11513,7328,-18336969.25
20/09/2024,2024,9,Kankia,Low,87234520,99302986.45,7603,5727,-12068466.45
20/09/2024,2024,9,Mani,Low,157677909,174417336.7,27201,21312,-16739427.66
20/09/2024,2024,9,Mashi,Medium,125902782,136053927.9,3252,2393,-10151145.93
20/09/2024,2024,9,Musawa,Medium,215080346,170993652.6,10114,5838,44086693.43
20/09/2024,2024,9,Bakori,Medium,77729332,87999687.05,25024,9068,-10270355.05
20/09/2024,2024,9,Charanchi,High,66348584,40259735.47,10590,8116,26088848.53
20/09/2024,2024,9,Jibia,Medium,168197552,101422788.2,16376,11605,66774763.78
20/09/2024,2024,9,Batsari,High,97607842,59539431.42,28244,10841,38068410.58
20/09/2024,2024,9,Rimi,High,98365515,90143734.84,28048,21790,8221780.16
20/09/2024,2024,9,Kusada,Low,76526600,75592521.53,10100,5083,934078.47
20/10/2024,2024,10,Katsina,High,191482980,116604640.9,9122,7039,74878339.07
20/10/2024,2024,10,Daura,Low,44522419,25073881.92,4586,3721,19448537.08
20/10/2024,2024,10,Funtua,Medium,234063682,258651540,3543,1980,-24587857.98
20/10/2024,2024,10,Malumfashi,High,204362792,183655222.9,7895,5953,20707569.07
20/10/2024,2024,10,Dutsin-Ma,Low,130077757,75014203.97,1606,679,55063553.03
20/10/2024,2024,10,Kankia,Low,32330389,35023118.77,14114,8862,-2692729.77
20/10/2024,2024,10,Mani,High,39346994,26181821.94,9641,6274,13165172.06
20/10/2024,2024,10,Mashi,Medium,186900604,205668581.1,31581,18806,-18767977.09
20/10/2024,2024,10,Musawa,Medium,190543036,188874736.2,4823,3374,1668299.76
20/10/2024,2024,10,Bakori,Low,56256307,46621025.82,3681,2213,9635281.18
20/10/2024,2024,10,Charanchi,High,70531879,32521322.4,6673,3516,38010556.6
20/10/2024,2024,10,Jibia,High,118248728,119874367.4,8834,4886,-1625639.43
20/10/2024,2024,10,Batsari,High,33186409,31183265.73,13640,6027,2003143.27
20/10/2024,2024,10,Rimi,Low,200941986,100056741.5,23080,15046,100885244.5
20/10/2024,2024,10,Kusada,Medium,190661973,179464179.4,30139,22605,11197793.62
20/11/2024,2024,11,Katsina,Medium,125176306,75032542.62,15152,8602,50143763.38
20/11/2024,2024,11,Daura,Low,227471536,222962974.3,20894,14943,4508561.66
20/11/2024,2024,11,Funtua,High,174095926,165859630.6,8974,5544,8236295.39
20/11/2024,2024,11,Malumfashi,Low,219390106,187775305.3,23499,15056,31614800.74
20/11/2024,2024,11,Dutsin-Ma,Medium,45642894,20621437.2,3137,2206,25021456.8
20/11/2024,2024,11,Kankia,Low,149887342,121776943.8,11358,4520,28110398.22
20/11/2024,2024,11,Mani,Low,219042004,214218168.4,7920,3516,4823835.56
20/11/2024,2024,11,Mashi,High,40456887,40137349.4,20600,9130,319537.6
20/11/2024,2024,11,Musawa,Low,110560830,120647546.7,26387,20147,-10086716.74
20/11/2024,2024,11,Bakori,High,211669604,250868317.4,29279,15395,-39198713.37
20/11/2024,2024,11,Charanchi,Low,83383743,78656287.54,1073,515,4727455.46
20/11/2024,2024,11,Jibia,High,175196918,202455197,20234,16418,-27258278.98
20/11/2024,2024,11,Batsari,Medium,111867056,100191012.4,7807,6050,11676043.59
20/11/2024,2024,11,Rimi,Medium,174742758,160958237.5,17442,7886,13784520.49
20/11/2024,2024,11,Kusada,Medium,162100094,120881764.8,14947,7246,41218329.19
20/12/2024,2024,12,Katsina,High,155147823,141718090.6,34640,27580,13429732.4
20/12/2024,2024,12,Daura,Low,160755246,169884261.9,17946,14157,-9129015.87
20/12/2024,2024,12,Funtua,High,137260614,109444422.8,24382,18353,27816191.2
20/12/2024,2024,12,Malumfashi,High,231263521,114393436,7180,5441,116870085
20/12/2024,2024,12,Dutsin-Ma,Medium,237584342,163137871.9,15702,10734,74446470.06
20/12/2024,2024,12,Kankia,Low,49520776,24761541.63,21469,11595,24759234.37
20/12/2024,2024,12,Mani,Medium,130277295,90270448.03,25353,9750,40006846.97
20/12/2024,2024,12,Mashi,Medium,72117615,75981786.19,31687,12702,-3864171.19
20/12/2024,2024,12,Musawa,High,33333796,35819505.63,22333,8790,-2485709.63
20/12/2024,2024,12,Bakori,High,204550271,175799813.8,7397,4332,28750457.25
20/12/2024,2024,12,Charanchi,Medium,208577652,205211537.8,21340,14832,3366114.24
20/12/2024,2024,12,Jibia,Low,155158556,174107652,3371,2153,-18949095.99
20/12/2024,2024,12,Batsari,Medium,159299768,155246544.8,5162,3038,4053223.25
20/12/2024,2024,12,Rimi,Medium,123143594,124338064.9,9566,4856,-1194470.9
20/12/2024,2024,12,Kusada,High,158249328,98853551.2,12972,5441,59395776.8
20/01/2025,2025,1,Katsina,Low,206677686,186920405.1,31333,14766,19757280.95
20/01/2025,2025,1,Daura,Medium,40578087,41512121.9,30601,12629,-934034.9
20/01/2025,2025,1,Funtua,High,217488625,260323760.5,12413,6468,-42835135.53
20/01/2025,2025,1,Malumfashi,High,144410592,133984871.7,34431,22784,10425720.33
20/01/2025,2025,1,Dutsin-Ma,Low,225170674,218243907,22661,16153,6926767.02
20/01/2025,2025,1,Kankia,Low,40335858,40868219.21,5435,3111,-532361.21
20/01/2025,2025,1,Mani,Low,83016272,65277883.62,9264,4360,17738388.38
20/01/2025,2025,1,Mashi,Medium,101716897,60579791.4,14909,7482,41137105.6
20/01/2025,2025,1,Musawa,Low,240014516,226734575.1,34168,20333,13279940.9
20/01/2025,2025,1,Bakori,Medium,51954442,47221960.57,2963,1181,4732481.43
20/01/2025,2025,1,Charanchi,High,238964744,188977559.6,30775,24572,49987184.41
20/01/2025,2025,1,Jibia,High,72263108,39243585.42,16065,6954,33019522.58
20/01/2025,2025,1,Batsari,Medium,49178335,45025667.56,22599,11197,4152667.44
20/01/2025,2025,1,Rimi,High,155494540,129828912.9,3819,2527,25665627.14
20/01/2025,2025,1,Kusada,High,224020090,247222398.2,21163,11575,-23202308.16
20/02/2025,2025,2,Katsina,Low,108933973,85848494,3545,1584,23085479
20/02/2025,2025,2,Daura,High,212251524,139470858.3,24051,9839,72780665.66
20/02/2025,2025,2,Funtua,High,60535440,61106423.39,2900,1044,-570983.39
20/02/2025,2025,2,Malumfashi,Low,55553228,29840889.53,34454,22330,25712338.47
20/02/2025,2025,2,Dutsin-Ma,Low,104970662,115605948.1,19679,8242,-10635286.13
20/02/2025,2025,2,Kankia,Low,123193573,147352635.1,33018,23151,-24159062.11
20/02/2025,2025,2,Mani,Low,110299572,101511565.6,22484,14461,8788006.43
20/02/2025,2025,2,Mashi,Low,190620640,216205235.1,12065,8585,-25584595.12
20/02/2025,2025,2,Musawa,Medium,204900863,103475943.8,27479,15021,101424919.2
20/02/2025,2025,2,Bakori,Low,79373942,74195433.89,3228,1175,5178508.11
20/02/2025,2025,2,Charanchi,Medium,61391368,39971595.68,25733,19285,21419772.32
20/02/2025,2025,2,Jibia,Low,170747936,145171917.1,17686,11380,25576018.94
20/02/2025,2025,2,Batsari,Medium,153341377,71767754.73,4006,1613,81573622.27
20/02/2025,2025,2,Rimi,Medium,152689922,109094897,2051,1362,43595024.98
20/02/2025,2025,2,Kusada,Medium,136630972,132772681.6,9087,6454,3858290.44
20/03/2025,2025,3,Katsina,Low,174681386,141656130.8,25252,20549,33025255.24
20/03/2025,2025,3,Daura,Low,118627419,129007692.9,15834,9251,-10380273.91
20/03/2025,2025,3,Funtua,Medium,62995057,41370398.42,5557,3614,21624658.58
20/03/2025,2025,3,Malumfashi,Low,126732024,103908231.7,5976,3037,22823792.27
20/03/2025,2025,3,Dutsin-Ma,High,205817782,160183835.7,15460,7584,45633946.33
20/03/2025,2025,3,Kankia,High,72697786,42148830.8,8461,5442,30548955.2
20/03/2025,2025,3,Mani,Low,40750925,46651961.17,21955,15998,-5901036.17
20/03/2025,2025,3,Mashi,Low,114101153,78192754.35,26152,14207,35908398.65
20/03/2025,2025,3,Musawa,Medium,231529482,234338923.2,29647,18024,-2809441.17
20/03/2025,2025,3,Bakori,Medium,239066605,187376012.1,27200,12138,51690592.9
20/03/2025,2025,3,Charanchi,Medium,50307357,54243663.36,8654,5431,-3936306.36
20/03/2025,2025,3,Jibia,Medium,184110055,99705055.68,17868,8902,84404999.32
20/03/2025,2025,3,Batsari,High,81664257,75367837.49,2968,1685,6296419.51
20/03/2025,2025,3,Rimi,High,43592803,23999755.52,16590,6869,19593047.48
20/03/2025,2025,3,Kusada,Low,31196047,33668746.03,12919,5453,-2472699.03
20/04/2025,2025,4,Katsina,High,126920838,124092917.9,17056,6188,2827920.09
20/04/2025,2025,4,Daura,Low,246580160,200814553.3,29658,20629,45765606.73
20/04/2025,2025,4,Funtua,Medium,248558425,289030860.8,1034,623,-40472435.75
20/04/2025,2025,4,Malumfashi,Medium,57658060,31989473.27,9969,8147,25668586.73
20/04/2025,2025,4,Dutsin-Ma,Low,104833461,103435544.1,8960,4222,1397916.9
20/04/2025,2025,4,Kankia,Medium,165093906,89915197.16,11770,6881,75178708.84
20/04/2025,2025,4,Mani,High,112195368,127966316.8,1465,1061,-15770948.78
20/04/2025,2025,4,Mashi,High,74001104,79289558.12,12400,5685,-5288454.12
20/04/2025,2025,4,Musawa,Medium,78251203,69512190.24,25252,16276,8739012.76
20/04/2025,2025,4,Bakori,High,193034503,127464925.9,23272,9631,65569577.14
20/04/2025,2025,4,Charanchi,Medium,32834796,36744184.77,10819,8468,-3909388.77
20/04/2025,2025,4,Jibia,Low,200638439,131769912.6,3017,2350,68868526.45
20/04/2025,2025,4,Batsari,Medium,35959620,31014868.78,31371,23692,4944751.22
20/04/2025,2025,4,Rimi,Low,26553749,26334298.28,12348,7738,219450.72
20/04/2025,2025,4,Kusada,Medium,111562106,62070397.91,9939,7430,49491708.09
20/05/2025,2025,5,Katsina,Low,90105955,100468935.6,23992,11593,-10362980.58
20/05/2025,2025,5,Daura,Low,50139773,54527590.39,7330,5712,-4387817.39
20/05/2025,2025,5,Funtua,High,131676450,149055126.4,21180,8691,-17378676.43
20/05/2025,2025,5,Malumfashi,High,27348017,18441836.49,31669,22358,8906180.51
20/05/2025,2025,5,Dutsin-Ma,Medium,133742159,71257168.5,15506,11701,62484990.5
20/05/2025,2025,5,Kankia,High,161725628,174461716.9,15378,5595,-12736088.93
20/05/2025,2025,5,Mani,Medium,234228150,172375635.1,14988,8814,61852514.94
20/05/2025,2025,5,Mashi,Medium,223156508,213049001,18263,12370,10107507.05
20/05/2025,2025,5,Musawa,Medium,132334624,122460172.4,22904,8348,9874451.6
20/05/2025,2025,5,Bakori,High,70725780,41230504.67,21927,8987,29495275.33
20/05/2025,2025,5,Charanchi,Medium,91504797,49651235.05,5939,2323,41853561.95
20/05/2025,2025,5,Jibia,Low,92714139,79598562.35,15470,9231,13115576.65
20/05/2025,2025,5,Batsari,Low,203400794,148786413.5,12828,5162,54614380.48
20/05/2025,2025,5,Rimi,Low,225079919,204777182.7,33701,13837,20302736.27
20/05/2025,2025,5,Kusada,Medium,204525099,170155440.2,29536,16201,34369658.81
20/06/2025,2025,6,Katsina,Medium,31926863,25713486.78,22332,8225,6213376.22
20/06/2025,2025,6,Daura,Medium,162168644,144636000.8,1817,699,17532643.16
20/06/2025,2025,6,Funtua,High,180759504,174415394.5,6873,2850,6344109.5
20/06/2025,2025,6,Malumfashi,Low,234756566,214784285.7,25977,16270,19972280.27
20/06/2025,2025,6,Dutsin-Ma,Low,224314851,233536795.5,3942,3155,-9221944.53
20/06/2025,2025,6,Kankia,Medium,228523205,121513906.8,12879,10230,107009298.2
20/06/2025,2025,6,Mani,Medium,233358544,270864058.9,26101,19935,-37505514.9
20/06/2025,2025,6,Mashi,High,51686451,37882398.29,7841,6012,13804052.71
20/06/2025,2025,6,Musawa,High,89172897,89998690.13,30320,11758,-825793.13
20/06/2025,2025,6,Bakori,Low,25649780,12960623.74,15458,9345,12689156.26
20/06/2025,2025,6,Charanchi,Medium,196041073,90637599.62,23679,16425,105403473.4
20/06/2025,2025,6,Jibia,Medium,158561339,101134685.2,15348,11458,57426653.76
20/06/2025,2025,6,Batsari,Low,151122137,139960836.8,4277,2362,11161300.19
20/06/2025,2025,6,Rimi,Medium,66752532,59381859.27,13949,7530,7370672.73
20/06/2025,2025,6,Kusada,Medium,152988790,107665555,14864,6574,45323235.02
20/07/2025,2025,7,Katsina,Medium,26295255,21154702.06,5006,2656,5140552.94
20/07/2025,2025,7,Daura,Low,239200627,245357667.9,26789,20473,-6157040.92
20/07/2025,2025,7,Funtua,High,161568518,134964555.6,12562,9220,26603962.42
20/07/2025,2025,7,Malumfashi,Medium,187515163,161796240.8,23216,18236,25718922.16
20/07/2025,2025,7,Dutsin-Ma,Medium,127240499,115110005,19689,8924,12130494.05
20/07/2025,2025,7,Kankia,Low,44519550,23857861.84,33440,12222,20661688.16
20/07/2025,2025,7,Mani,High,186492035,200947675.5,18407,13290,-14455640.47
20/07/2025,2025,7,Mashi,Medium,217483597,245460305.2,26535,20430,-27976708.17
20/07/2025,2025,7,Musawa,Medium,50065375,59564332.94,13882,11244,-9498957.94
20/07/2025,2025,7,Bakori,Low,114133756,123732083.9,19069,10995,-9598327.89
20/07/2025,2025,7,Charanchi,Low,137117026,107907501.7,6420,2549,29209524.27
20/07/2025,2025,7,Jibia,Low,241735859,171819809.5,30960,16476,69916049.47
20/07/2025,2025,7,Batsari,Low,230283321,159713311.8,10470,4879,70570009.16
20/07/2025,2025,7,Rimi,High,221375695,218888444.2,23867,16449,2487250.85
20/07/2025,2025,7,Kusada,Medium,111322177,57966466.41,33024,22503,53355710.59
20/08/2025,2025,8,Katsina,High,181399968,163884346.2,23671,17146,17515621.76
20/08/2025,2025,8,Daura,Low,42200846,49848784.96,8181,4519,-7647938.96
20/08/2025,2025,8,Funtua,High,136511656,128030750.2,2135,891,8480905.83
20/08/2025,2025,8,Malumfashi,Low,42613323,20675171.36,17775,9035,21938151.64
20/08/2025,2025,8,Dutsin-Ma,Medium,223261818,185918821.1,18780,15337,37342996.91
20/08/2025,2025,8,Kankia,Low,237977995,137278754.7,6225,4644,100699240.3
20/08/2025,2025,8,Mani,Low,169602379,196508029.4,9528,6069,-26905650.44
20/08/2025,2025,8,Mashi,Low,233254012,145350070.5,28310,20746,87903941.5
20/08/2025,2025,8,Musawa,Low,73524698,68596126.64,15033,11493,4928571.36
20/08/2025,2025,8,Bakori,Low,114001292,121040131.6,26009,10717,-7038839.58
20/08/2025,2025,8,Charanchi,Low,233789910,257186446.5,2786,1762,-23396536.48
20/08/2025,2025,8,Jibia,Low,164235396,179970405,32927,14199,-15735008.96
20/08/2025,2025,8,Batsari,High,208921752,152113510.7,16534,6145,56808241.29
20/08/2025,2025,8,Rimi,Medium,103850820,118086170.8,16488,5952,-14235350.77
20/08/2025,2025,8,Kusada,High,118810451,64139326.9,23996,17836,54671124.1
20/09/2025,2025,9,Katsina,High,178954355,137692662.6,4561,2638,41261692.44
20/09/2025,2025,9,Daura,Medium,179553728,196553510.7,13088,9903,-16999782.73
20/09/2025,2025,9,Funtua,Medium,179379840,85460895.51,10761,7977,93918944.49
20/09/2025,2025,9,Malumfashi,Medium,152483087,148215686.4,9348,7341,4267400.65
20/09/2025,2025,9,Dutsin-Ma,High,68375117,62543542.55,7844,3435,5831574.45
20/09/2025,2025,9,Kankia,Low,228443349,246452578.8,5945,4456,-18009229.8
20/09/2025,2025,9,Mani,Medium,231362892,215390602.2,7363,5604,15972289.83
20/09/2025,2025,9,Mashi,High,203953067,145027929.6,4729,1718,58925137.37
20/09/2025,2025,9,Musawa,Low,193795684,173121114.6,31401,24196,20674569.44
20/09/2025,2025,9,Bakori,Medium,133657085,127592687.5,7333,5592,6064397.51
20/09/2025,2025,9,Charanchi,Low,119630671,104653591.1,11409,4078,14977079.92
20/09/2025,2025,9,Jibia,Low,54628328,38869732.43,2163,857,15758595.57
20/09/2025,2025,9,Batsari,Low,91183930,54826892.94,8735,4813,36357037.06
20/09/2025,2025,9,Rimi,Low,121735988,72299836.45,17169,8801,49436151.55
20/09/2025,2025,9,Kusada,Low,36244421,26727596.6,30812,24874,9516824.4
20/10/2025,2025,10,Katsina,Low,91036340,88315030.7,21498,16839,2721309.3
20/10/2025,2025,10,Daura,High,131615258,76411315.41,5126,3178,55203942.59
20/10/2025,2025,10,Funtua,Low,112672312,103300767.2,29589,19878,9371544.76
20/10/2025,2025,10,Malumfashi,High,26764283,13169362.39,7844,3547,13594920.61
20/10/2025,2025,10,Dutsin-Ma,Medium,147217707,135572602.7,21560,16724,11645104.31
20/10/2025,2025,10,Kankia,High,145520703,146398591.7,14459,11506,-877888.71
20/10/2025,2025,10,Mani,Medium,66148120,34476145.71,9652,3625,31671974.29
20/10/2025,2025,10,Mashi,High,192463150,111942748.6,28687,10882,80520401.39
20/10/2025,2025,10,Musawa,High,221430698,215613870.6,18912,12653,5816827.36
20/10/2025,2025,10,Bakori,Medium,30061075,21174972.49,4039,2967,8886102.51
20/10/2025,2025,10,Charanchi,High,105559896,60156940.82,26691,13910,45402955.18
20/10/2025,2025,10,Jibia,Medium,168647521,126971038.2,8906,7288,41676482.81
20/10/2025,2025,10,Batsari,Medium,195236972,208572821.1,31120,18273,-13335849.1
20/10/2025,2025,10,Rimi,Low,110981681,51961957.95,17761,11725,59019723.05
20/10/2025,2025,10,Kusada,Low,86590096,39597649.23,4851,3514,46992446.77
20/11/2025,2025,11,Katsina,High,44931512,23583197.35,22154,15253,21348314.65
20/11/2025,2025,11,Daura,Medium,118236261,74174102.86,18019,7843,44062158.14
20/11/2025,2025,11,Funtua,Low,61307675,69757067.72,9690,5207,-8449392.72
20/11/2025,2025,11,Malumfashi,High,173443743,122192350.3,12002,5703,51251392.7
20/11/2025,2025,11,Dutsin-Ma,Medium,68742085,35416737.6,32316,21620,33325347.4
20/11/2025,2025,11,Kankia,Low,160346791,142584697.1,12551,8948,17762093.95
20/11/2025,2025,11,Mani,Medium,196173161,213255031.2,30278,21764,-17081870.22
20/11/2025,2025,11,Mashi,Medium,95396640,106902054.2,21506,8256,-11505414.16
20/11/2025,2025,11,Musawa,Medium,36236251,29032875.18,14446,8542,7203375.82
20/11/2025,2025,11,Bakori,High,83836608,74954423.82,21227,10019,8882184.18
20/11/2025,2025,11,Charanchi,High,230815896,186159903.7,21164,8860,44655992.29
20/11/2025,2025,11,Jibia,High,216403800,243888981.3,5116,2641,-27485181.3
20/11/2025,2025,11,Batsari,Medium,60737294,65620740.22,14213,9044,-4883446.22
20/11/2025,2025,11,Rimi,High,55910561,33632307.27,14412,5974,22278253.73
20/11/2025,2025,11,Kusada,Medium,31118112,35551958.22,34161,25902,-4433846.22
20/12/2025,2025,12,Katsina,Medium,203935129,117412696.2,27863,16160,86522432.76
20/12/2025,2025,12,Daura,High,231250899,175918483.6,4426,2858,55332415.44
20/12/2025,2025,12,Funtua,Medium,221553136,168654019.2,16234,8727,52899116.8
20/12/2025,2025,12,Malumfashi,Medium,43799274,21889835.21,10124,4685,21909438.79
20/12/2025,2025,12,Dutsin-Ma,Medium,42097458,46321683.93,13107,8118,-4224225.93
20/12/2025,2025,12,Kankia,Low,72041782,81126824.45,9205,6618,-9085042.45
20/12/2025,2025,12,Mani,Low,215261310,140953455,10113,4192,74307855.04
20/12/2025,2025,12,Mashi,High,218769399,164964666,12846,5940,53804732.97
20/12/2025,2025,12,Musawa,High,172819426,161592441.1,3293,2437,11226984.9
20/12/2025,2025,12,Bakori,Low,159588247,172301632.2,32849,23356,-12713385.22
20/12/2025,2025,12,Charanchi,Medium,30691417,16040822.37,3293,2492,14650594.63
20/12/2025,2025,12,Jibia,Medium,132156668,152464269,33370,25208,-20307601
20/12/2025,2025,12,Batsari,High,136853231,106661262.4,32156,11446,30191968.63
20/12/2025,2025,12,Rimi,Medium,85962551,95101573.36,10191,8087,-9139022.36
20/12/2025,2025,12,Kusada,Medium,78785038,84036902.18,25709,20798,-5251864.18
