Date,Branch,Product,Opening Stock,Units Sold,Closing Stock,Inventory Value
2021-01-01,Lagos,Product A,4647,643,4004,31087056
2021-01-01,Lagos,Product B,3947,2566,1381,19260807
2021-01-01,Lagos,Product C,4986,2776,2210,20831460
2021-01-01,Lagos,Product D,724,153,571,7142068
2021-01-01,Abuja,Product A,2005,1390,615,5697360
2021-01-01,Abuja,Product B,1614,106,1508,12914512
2021-01-01,Abuja,Product C,2139,1386,753,5275518
2021-01-01,Abuja,Product D,3070,2458,612,2048364
2021-01-01,Port Harcourt,Product A,1407,423,984,5991576
2021-01-01,Port Harcourt,Product B,4730,1165,3565,41824580
2021-01-01,Port Harcourt,Product C,3861,3346,515,3724995
2021-01-01,Port Harcourt,Product D,4198,4018,180,2528100
2021-01-01,Kano,Product A,1593,633,960,4648320
2021-01-01,Kano,Product B,3183,1254,1929,10134966
2021-01-01,Kano,Product C,1191,948,243,1949346
2021-01-01,Kano,Product D,1990,905,1085,8877470
2021-01-01,Ibadan,Product A,2338,184,2154,5117904
2021-01-01,Ibadan,Product B,2373,464,1909,18280584
2021-01-01,Ibadan,Product C,2124,636,1488,20071632
2021-01-01,Ibadan,Product D,1882,201,1681,14406170
2021-02-01,Lagos,Product A,4013,2559,1454,9104948
2021-02-01,Lagos,Product B,1722,282,1440,11560320
2021-02-01,Lagos,Product C,1893,1261,632,2478704
2021-02-01,Lagos,Product D,615,545,70,1026900
2021-02-01,Abuja,Product A,4216,4148,68,267988
2021-02-01,Abuja,Product B,2338,932,1406,7200126
2021-02-01,Abuja,Product C,2680,1279,1401,19934829
2021-02-01,Abuja,Product D,4548,3229,1319,5451427
2021-02-01,Port Harcourt,Product A,4033,3607,426,2294010
2021-02-01,Port Harcourt,Product B,2265,1259,1006,13989436
2021-02-01,Port Harcourt,Product C,2051,956,1095,5425725
2021-02-01,Port Harcourt,Product D,3846,3345,501,2199891
2021-02-01,Kano,Product A,735,397,338,2125682
2021-02-01,Kano,Product B,2429,1947,482,2924776
2021-02-01,Kano,Product C,3528,2487,1041,13752651
2021-02-01,Kano,Product D,4253,802,3451,7485219
2021-02-01,Ibadan,Product A,4341,1191,3150,22982400
2021-02-01,Ibadan,Product B,3756,2913,843,4616268
2021-02-01,Ibadan,Product C,3641,3001,640,5718400
2021-02-01,Ibadan,Product D,2599,399,2200,7834200
2021-03-01,Lagos,Product A,981,153,828,6171084
2021-03-01,Lagos,Product B,2423,2028,395,3082580
2021-03-01,Lagos,Product C,872,105,767,4720885
2021-03-01,Lagos,Product D,4633,3220,1413,9828828
2021-03-01,Abuja,Product A,3733,2849,884,7139184
2021-03-01,Abuja,Product B,1583,1245,338,903474
2021-03-01,Abuja,Product C,1969,633,1336,6390088
2021-03-01,Abuja,Product D,4626,4137,489,3695373
2021-03-01,Port Harcourt,Product A,4334,1180,3154,10938072
2021-03-01,Port Harcourt,Product B,3099,3009,90,962100
2021-03-01,Port Harcourt,Product C,4046,680,3366,21091356
2021-03-01,Port Harcourt,Product D,1457,741,716,1949668
2021-03-01,Kano,Product A,1547,1122,425,2806275
2021-03-01,Kano,Product B,3453,1861,1592,10562920
2021-03-01,Kano,Product C,2656,2610,46,665942
2021-03-01,Kano,Product D,2660,2217,443,3157704
2021-03-01,Ibadan,Product A,4069,3756,313,1472039
2021-03-01,Ibadan,Product B,3084,2112,972,14105664
2021-03-01,Ibadan,Product C,1739,1238,501,6398271
2021-03-01,Ibadan,Product D,4104,317,3787,19294765
2021-04-01,Lagos,Product A,1717,211,1506,8683596
2021-04-01,Lagos,Product B,2000,173,1827,17729208
2021-04-01,Lagos,Product C,2631,769,1862,25259892
2021-04-01,Lagos,Product D,4326,3675,651,2538900
2021-04-01,Abuja,Product A,4554,434,4120,38039960
2021-04-01,Abuja,Product B,3420,3004,416,4654624
2021-04-01,Abuja,Product C,4474,3849,625,6298125
2021-04-01,Abuja,Product D,1421,403,1018,4097450
2021-04-01,Port Harcourt,Product A,3363,483,2880,15370560
2021-04-01,Port Harcourt,Product B,2827,839,1988,9456916
2021-04-01,Port Harcourt,Product C,4667,2334,2333,26194924
2021-04-01,Port Harcourt,Product D,2239,116,2123,22542014
2021-04-01,Kano,Product A,1979,952,1027,3345966
2021-04-01,Kano,Product B,2516,2140,376,4921840
2021-04-01,Kano,Product C,1272,773,499,1210075
2021-04-01,Kano,Product D,2828,599,2229,18852882
2021-04-01,Ibadan,Product A,3560,2518,1042,3893954
2021-04-01,Ibadan,Product B,3150,729,2421,5987133
2021-04-01,Ibadan,Product C,1164,1042,122,1658590
2021-04-01,Ibadan,Product D,4430,3819,611,7511634
2021-05-01,Lagos,Product A,2706,2533,173,2210940
2021-05-01,Lagos,Product B,547,268,279,758322
2021-05-01,Lagos,Product C,4211,2761,1450,20278250
2021-05-01,Lagos,Product D,1559,532,1027,2872519
2021-05-01,Abuja,Product A,2817,1423,1394,4055146
2021-05-01,Abuja,Product B,1079,660,419,4972273
2021-05-01,Abuja,Product C,3624,479,3145,26839430
2021-05-01,Abuja,Product D,2590,829,1761,10448013
2021-05-01,Port Harcourt,Product A,3767,465,3302,7713472
2021-05-01,Port Harcourt,Product B,2205,767,1438,12028870
2021-05-01,Port Harcourt,Product C,3796,1267,2529,31872987
2021-05-01,Port Harcourt,Product D,1762,346,1416,9757656
2021-05-01,Kano,Product A,4521,3641,880,12369280
2021-05-01,Kano,Product B,3040,2905,135,1604745
2021-05-01,Kano,Product C,1575,835,740,9548220
2021-05-01,Kano,Product D,1287,852,435,4523565
2021-05-01,Ibadan,Product A,2137,1102,1035,9623430
2021-05-01,Ibadan,Product B,3679,2051,1628,10415944
2021-05-01,Ibadan,Product C,3965,469,3496,50321424
2021-05-01,Ibadan,Product D,3961,3421,540,4337820
2021-06-01,Lagos,Product A,2026,989,1037,12789321
2021-06-01,Lagos,Product B,3989,480,3509,9340958
2021-06-01,Lagos,Product C,4705,2899,1806,17326764
2021-06-01,Lagos,Product D,2336,735,1601,16194115
2021-06-01,Abuja,Product A,4819,4398,421,1420875
2021-06-01,Abuja,Product B,2881,2017,864,7918560
2021-06-01,Abuja,Product C,1148,1078,70,484470
2021-06-01,Abuja,Product D,1717,361,1356,17914116
2021-06-01,Port Harcourt,Product A,2960,1118,1842,19469940
2021-06-01,Port Harcourt,Product B,4003,1310,2693,30468602
2021-06-01,Port Harcourt,Product C,890,664,226,735178
2021-06-01,Port Harcourt,Product D,869,625,244,918172
2021-06-01,Kano,Product A,4683,3580,1103,9668898
2021-06-01,Kano,Product B,1274,1051,223,2860421
2021-06-01,Kano,Product C,2575,1555,1020,6298500
2021-06-01,Kano,Product D,1169,1131,38,86108
2021-06-01,Ibadan,Product A,1433,1047,386,1907226
2021-06-01,Ibadan,Product B,1992,1826,166,1400708
2021-06-01,Ibadan,Product C,870,185,685,6041015
2021-06-01,Ibadan,Product D,2938,1385,1553,18045860
2021-07-01,Lagos,Product A,4227,3785,442,5401240
2021-07-01,Lagos,Product B,2671,1498,1173,5942418
2021-07-01,Lagos,Product C,2229,858,1371,4498251
2021-07-01,Lagos,Product D,2624,535,2089,19024523
2021-07-01,Abuja,Product A,4877,246,4631,9701945
2021-07-01,Abuja,Product B,3735,577,3158,7001286
2021-07-01,Abuja,Product C,1906,1443,463,4545271
2021-07-01,Abuja,Product D,4269,3418,851,10872376
2021-07-01,Port Harcourt,Product A,4487,2580,1907,23137631
2021-07-01,Port Harcourt,Product B,3455,2928,527,6871553
2021-07-01,Port Harcourt,Product C,3735,3395,340,2365720
2021-07-01,Port Harcourt,Product D,1217,356,861,3627393
2021-07-01,Kano,Product A,613,295,318,1218894
2021-07-01,Kano,Product B,630,292,338,824382
2021-07-01,Kano,Product C,2214,2070,144,1818288
2021-07-01,Kano,Product D,1689,1430,259,1543899
2021-07-01,Ibadan,Product A,4069,3549,520,6373640
2021-07-01,Ibadan,Product B,4912,1663,3249,11079090
2021-07-01,Ibadan,Product C,2965,1998,967,4280909
2021-07-01,Ibadan,Product D,4382,3556,826,1946882
2021-08-01,Lagos,Product A,1454,440,1014,4559958
2021-08-01,Lagos,Product B,4147,4047,100,994700
2021-08-01,Lagos,Product C,4362,260,4102,38411128
2021-08-01,Lagos,Product D,2487,924,1563,10675290
2021-08-01,Abuja,Product A,3709,308,3401,25402069
2021-08-01,Abuja,Product B,564,152,412,5079136
2021-08-01,Abuja,Product C,4037,1802,2235,22620435
2021-08-01,Abuja,Product D,2882,251,2631,26275797
2021-08-01,Port Harcourt,Product A,3774,2091,1683,17520030
2021-08-01,Port Harcourt,Product B,4496,1999,2497,34213894
2021-08-01,Port Harcourt,Product C,997,640,357,825027
2021-08-01,Port Harcourt,Product D,3957,2460,1497,10739478
2021-08-01,Kano,Product A,1020,374,646,8153166
2021-08-01,Kano,Product B,3917,3741,176,1716880
2021-08-01,Kano,Product C,1457,1113,344,4197488
2021-08-01,Kano,Product D,3340,1936,1404,18852912
2021-08-01,Ibadan,Product A,4073,185,3888,18051984
2021-08-01,Ibadan,Product B,2859,887,1972,19104736
2021-08-01,Ibadan,Product C,3316,1894,1422,8250444
2021-08-01,Ibadan,Product D,4658,1899,2759,32081652
2021-09-01,Lagos,Product A,3278,2566,712,9766504
2021-09-01,Lagos,Product B,4337,1174,3163,21527378
2021-09-01,Lagos,Product C,3697,1807,1890,24622920
2021-09-01,Lagos,Product D,3451,3360,91,886158
2021-09-01,Abuja,Product A,1827,1373,454,2448876
2021-09-01,Abuja,Product B,2813,453,2360,30512440
2021-09-01,Abuja,Product C,4455,1157,3298,15959022
2021-09-01,Abuja,Product D,2134,420,1714,20437736
2021-09-01,Port Harcourt,Product A,4531,926,3605,54075000
2021-09-01,Port Harcourt,Product B,3907,2122,1785,12450375
2021-09-01,Port Harcourt,Product C,2422,957,1465,16295195
2021-09-01,Port Harcourt,Product D,885,118,767,6042426
2021-09-01,Kano,Product A,2636,1562,1074,14058660
2021-09-01,Kano,Product B,1799,457,1342,13752816
2021-09-01,Kano,Product C,761,165,596,4489668
2021-09-01,Kano,Product D,4027,566,3461,41940398
2021-09-01,Ibadan,Product A,2357,594,1763,19757941
2021-09-01,Ibadan,Product B,2335,2092,243,1512432
2021-09-01,Ibadan,Product C,3287,1555,1732,25295860
2021-09-01,Ibadan,Product D,882,670,212,1352984
2021-10-01,Lagos,Product A,1738,1513,225,2349900
2021-10-01,Lagos,Product B,1353,203,1150,10548950
2021-10-01,Lagos,Product C,4244,1008,3236,12083224
2021-10-01,Lagos,Product D,1334,1251,83,223021
2021-10-01,Abuja,Product A,4655,963,3692,17485312
2021-10-01,Abuja,Product B,1467,520,947,7504975
2021-10-01,Abuja,Product C,1786,1591,195,1323270
2021-10-01,Abuja,Product D,4116,3221,895,9207760
2021-10-01,Port Harcourt,Product A,4582,913,3669,16609563
2021-10-01,Port Harcourt,Product B,3479,1470,2009,8552313
2021-10-01,Port Harcourt,Product C,1507,513,994,9138836
2021-10-01,Port Harcourt,Product D,3905,3250,655,9562345
2021-10-01,Kano,Product A,553,225,328,3201280
2021-10-01,Kano,Product B,3296,1274,2022,20774028
2021-10-01,Kano,Product C,1902,274,1628,10350824
2021-10-01,Kano,Product D,3550,3029,521,7485207
2021-10-01,Ibadan,Product A,3899,1577,2322,28588464
2021-10-01,Ibadan,Product B,2510,720,1790,25668600
2021-10-01,Ibadan,Product C,4838,3554,1284,19127748
2021-10-01,Ibadan,Product D,2369,665,1704,15378600
2021-11-01,Lagos,Product A,3886,3860,26,226356
2021-11-01,Lagos,Product B,4258,3063,1195,2971965
2021-11-01,Lagos,Product C,4125,696,3429,50125122
2021-11-01,Lagos,Product D,581,467,114,1194264
2021-11-01,Abuja,Product A,1070,186,884,6667128
2021-11-01,Abuja,Product B,3078,1745,1333,19533782
2021-11-01,Abuja,Product C,1846,988,858,2580006
2021-11-01,Abuja,Product D,3721,3209,512,1334784
2021-11-01,Port Harcourt,Product A,1736,1276,460,1355620
2021-11-01,Port Harcourt,Product B,4758,2522,2236,19831084
2021-11-01,Port Harcourt,Product C,3793,3728,65,855075
2021-11-01,Port Harcourt,Product D,2993,1384,1609,12289542
2021-11-01,Kano,Product A,564,523,41,269903
2021-11-01,Kano,Product B,4823,1303,3520,47424960
2021-11-01,Kano,Product C,3809,1927,1882,23617218
2021-11-01,Kano,Product D,2180,1911,269,3611863
2021-11-01,Ibadan,Product A,3328,3301,27,340983
2021-11-01,Ibadan,Product B,3813,3276,537,2809584
2021-11-01,Ibadan,Product C,2970,445,2525,6577625
2021-11-01,Ibadan,Product D,4902,2840,2062,17298118
2021-12-01,Lagos,Product A,1532,1165,367,3985620
2021-12-01,Lagos,Product B,2825,975,1850,6512000
2021-12-01,Lagos,Product C,4691,4620,71,505165
2021-12-01,Lagos,Product D,4770,2891,1879,27063237
2021-12-01,Abuja,Product A,1810,147,1663,4084328
2021-12-01,Abuja,Product B,4923,2219,2704,16099616
2021-12-01,Abuja,Product C,2989,1831,1158,11901924
2021-12-01,Abuja,Product D,1404,222,1182,9586020
2021-12-01,Port Harcourt,Product A,2627,2178,449,3505343
2021-12-01,Port Harcourt,Product B,1514,197,1317,18958215
2021-12-01,Port Harcourt,Product C,1521,1019,502,3454262
2021-12-01,Port Harcourt,Product D,542,332,210,1586130
2021-12-01,Kano,Product A,2434,2416,18,246744
2021-12-01,Kano,Product B,4868,2015,2853,22079367
2021-12-01,Kano,Product C,2951,1265,1686,21793236
2021-12-01,Kano,Product D,1646,1562,84,687708
2021-12-01,Ibadan,Product A,4757,2128,2629,9790396
2021-12-01,Ibadan,Product B,3185,2215,970,11194770
2021-12-01,Ibadan,Product C,2077,1785,292,4308460
2021-12-01,Ibadan,Product D,3459,1960,1499,5403895
2022-01-01,Lagos,Product A,1700,1557,143,1283282
2022-01-01,Lagos,Product B,3875,435,3440,12077840
2022-01-01,Lagos,Product C,1009,535,474,1957620
2022-01-01,Lagos,Product D,4401,1859,2542,23663478
2022-01-01,Abuja,Product A,1139,856,283,3704187
2022-01-01,Abuja,Product B,4811,3399,1412,16431444
2022-01-01,Abuja,Product C,4751,3334,1417,8955440
2022-01-01,Abuja,Product D,4586,3568,1018,9375780
2022-01-01,Port Harcourt,Product A,4510,3515,995,4644660
2022-01-01,Port Harcourt,Product B,1682,1135,547,2232854
2022-01-01,Port Harcourt,Product C,4471,3849,622,2562018
2022-01-01,Port Harcourt,Product D,4704,4434,270,1062180
2022-01-01,Kano,Product A,2241,1965,276,2692380
2022-01-01,Kano,Product B,767,260,507,5657613
2022-01-01,Kano,Product C,3525,586,2939,34844784
2022-01-01,Kano,Product D,3847,551,3296,13118080
2022-01-01,Ibadan,Product A,3527,2441,1086,7323984
2022-01-01,Ibadan,Product B,829,635,194,875134
2022-01-01,Ibadan,Product C,1464,860,604,4224980
2022-01-01,Ibadan,Product D,3567,1342,2225,15165600
2022-02-01,Lagos,Product A,4480,329,4151,62111413
2022-02-01,Lagos,Product B,1670,391,1279,18981639
2022-02-01,Lagos,Product C,3955,299,3656,25588344
2022-02-01,Lagos,Product D,2822,983,1839,9193161
2022-02-01,Abuja,Product A,4504,117,4387,17565548
2022-02-01,Abuja,Product B,4985,2956,2029,6302074
2022-02-01,Abuja,Product C,866,527,339,3350337
2022-02-01,Abuja,Product D,3037,2417,620,5834820
2022-02-01,Port Harcourt,Product A,3267,1645,1622,15872892
2022-02-01,Port Harcourt,Product B,1587,383,1204,12365080
2022-02-01,Port Harcourt,Product C,4275,3785,490,6336190
2022-02-01,Port Harcourt,Product D,4178,710,3468,48291900
2022-02-01,Kano,Product A,3164,465,2699,33024964
2022-02-01,Kano,Product B,3855,1686,2169,12610566
2022-02-01,Kano,Product C,3739,1488,2251,24452613
2022-02-01,Kano,Product D,875,786,89,824051
2022-02-01,Ibadan,Product A,2772,2745,27,93150
2022-02-01,Ibadan,Product B,1856,1548,308,741048
2022-02-01,Ibadan,Product C,3030,2398,632,7944240
2022-02-01,Ibadan,Product D,1514,1418,96,1071744
2022-03-01,Lagos,Product A,1197,494,703,8531608
2022-03-01,Lagos,Product B,4938,4825,113,1628556
2022-03-01,Lagos,Product C,933,683,250,2637000
2022-03-01,Lagos,Product D,2051,1637,414,4055544
2022-03-01,Abuja,Product A,4617,252,4365,17329050
2022-03-01,Abuja,Product B,4856,1572,3284,7586040
2022-03-01,Abuja,Product C,2752,942,1810,10892580
2022-03-01,Abuja,Product D,4139,446,3693,39666513
2022-03-01,Port Harcourt,Product A,3124,1745,1379,16062592
2022-03-01,Port Harcourt,Product B,868,603,265,630965
2022-03-01,Port Harcourt,Product C,3284,1890,1394,6910058
2022-03-01,Port Harcourt,Product D,3899,198,3701,39411949
2022-03-01,Kano,Product A,3099,1664,1435,8915655
2022-03-01,Kano,Product B,1245,334,911,3304197
2022-03-01,Kano,Product C,4938,1477,3461,23102175
2022-03-01,Kano,Product D,1679,474,1205,7455335
2022-03-01,Ibadan,Product A,1234,415,819,5754294
2022-03-01,Ibadan,Product B,3836,2879,957,4566804
2022-03-01,Ibadan,Product C,982,729,253,1854237
2022-03-01,Ibadan,Product D,1986,155,1831,25059066
2022-04-01,Lagos,Product A,979,405,574,4814712
2022-04-01,Lagos,Product B,1308,755,553,2396702
2022-04-01,Lagos,Product C,3881,3757,124,906564
2022-04-01,Lagos,Product D,2612,1638,974,3877494
2022-04-01,Abuja,Product A,924,307,617,3655725
2022-04-01,Abuja,Product B,2437,2119,318,3285894
2022-04-01,Abuja,Product C,4632,3254,1378,5353530
2022-04-01,Abuja,Product D,2706,348,2358,17012970
2022-04-01,Port Harcourt,Product A,4307,3434,873,2681856
2022-04-01,Port Harcourt,Product B,4466,336,4130,35831880
2022-04-01,Port Harcourt,Product C,2414,176,2238,14343342
2022-04-01,Port Harcourt,Product D,1331,604,727,10541500
2022-04-01,Kano,Product A,1528,723,805,9104550
2022-04-01,Kano,Product B,3832,1926,1906,6430844
2022-04-01,Kano,Product C,4599,1766,2833,42002058
2022-04-01,Kano,Product D,1666,864,802,8704908
2022-04-01,Ibadan,Product A,1877,1701,176,1058816
2022-04-01,Ibadan,Product B,4903,3571,1332,14778540
2022-04-01,Ibadan,Product C,4200,442,3758,7576128
2022-04-01,Ibadan,Product D,4306,2469,1837,23328063
2022-05-01,Lagos,Product A,1871,101,1770,5283450
2022-05-01,Lagos,Product B,4450,2338,2112,24911040
2022-05-01,Lagos,Product C,2555,1657,898,6965786
2022-05-01,Lagos,Product D,2242,2190,52,343668
2022-05-01,Abuja,Product A,872,265,607,8564770
2022-05-01,Abuja,Product B,4875,4712,163,512635
2022-05-01,Abuja,Product C,2962,467,2495,21147620
2022-05-01,Abuja,Product D,1507,386,1121,15558359
2022-05-01,Port Harcourt,Product A,2789,1869,920,5017680
2022-05-01,Port Harcourt,Product B,4635,2707,1928,25401400
2022-05-01,Port Harcourt,Product C,3306,2701,605,3800610
2022-05-01,Port Harcourt,Product D,4208,2336,1872,11286288
2022-05-01,Kano,Product A,3134,1499,1635,8910750
2022-05-01,Kano,Product B,4266,2790,1476,3335760
2022-05-01,Kano,Product C,1595,1423,172,349676
2022-05-01,Kano,Product D,4403,135,4268,9201808
2022-05-01,Ibadan,Product A,1921,946,975,10828350
2022-05-01,Ibadan,Product B,4505,3317,1188,12849408
2022-05-01,Ibadan,Product C,1164,258,906,9807450
2022-05-01,Ibadan,Product D,753,555,198,2576772
2022-06-01,Lagos,Product A,1511,822,689,5626374
2022-06-01,Lagos,Product B,3432,1684,1748,8570444
2022-06-01,Lagos,Product C,569,163,406,3889480
2022-06-01,Lagos,Product D,3534,890,2644,24544252
2022-06-01,Abuja,Product A,576,213,363,5145525
2022-06-01,Abuja,Product B,662,387,275,3616250
2022-06-01,Abuja,Product C,3431,884,2547,8848278
2022-06-01,Abuja,Product D,2983,1005,1978,11547564
2022-06-01,Port Harcourt,Product A,4545,3073,1472,3830144
2022-06-01,Port Harcourt,Product B,2799,2118,681,9217335
2022-06-01,Port Harcourt,Product C,2212,129,2083,10856596
2022-06-01,Port Harcourt,Product D,3744,554,3190,20875360
2022-06-01,Kano,Product A,4598,4146,452,2166436
2022-06-01,Kano,Product B,2087,1451,636,8970144
2022-06-01,Kano,Product C,1937,233,1704,19827744
2022-06-01,Kano,Product D,1550,233,1317,5382579
2022-06-01,Ibadan,Product A,2626,2434,192,1100928
2022-06-01,Ibadan,Product B,4785,2347,2438,12538634
2022-06-01,Ibadan,Product C,689,645,44,530948
2022-06-01,Ibadan,Product D,2571,2394,177,1670349
2022-07-01,Lagos,Product A,516,318,198,2475198
2022-07-01,Lagos,Product B,924,430,494,4488484
2022-07-01,Lagos,Product C,3833,1222,2611,10428334
2022-07-01,Lagos,Product D,4745,3922,823,8327937
2022-07-01,Abuja,Product A,3461,2218,1243,17942705
2022-07-01,Abuja,Product B,856,838,18,102204
2022-07-01,Abuja,Product C,884,384,500,4441000
2022-07-01,Abuja,Product D,4861,3777,1084,7784204
2022-07-01,Port Harcourt,Product A,542,300,242,1255496
2022-07-01,Port Harcourt,Product B,3241,435,2806,31898608
2022-07-01,Port Harcourt,Product C,707,331,376,4999672
2022-07-01,Port Harcourt,Product D,3971,404,3567,21740865
2022-07-01,Kano,Product A,2112,436,1676,12392344
2022-07-01,Kano,Product B,3046,357,2689,32956384
2022-07-01,Kano,Product C,1292,157,1135,11194505
2022-07-01,Kano,Product D,4038,3409,629,1505197
2022-07-01,Ibadan,Product A,3238,1125,2113,12781537
2022-07-01,Ibadan,Product B,1383,1069,314,1854170
2022-07-01,Ibadan,Product C,3291,322,2969,22163585
2022-07-01,Ibadan,Product D,4757,2039,2718,8681292
2022-08-01,Lagos,Product A,4092,3229,863,3078321
2022-08-01,Lagos,Product B,4157,2471,1686,6819870
2022-08-01,Lagos,Product C,1200,224,976,2484896
2022-08-01,Lagos,Product D,3591,1383,2208,29498880
2022-08-01,Abuja,Product A,1032,901,131,535659
2022-08-01,Abuja,Product B,1007,921,86,794640
2022-08-01,Abuja,Product C,948,408,540,6483240
2022-08-01,Abuja,Product D,4037,369,3668,13454224
2022-08-01,Port Harcourt,Product A,957,672,285,813675
2022-08-01,Port Harcourt,Product B,2915,1662,1253,10751993
2022-08-01,Port Harcourt,Product C,1285,941,344,2001736
2022-08-01,Port Harcourt,Product D,586,332,254,2105660
2022-08-01,Kano,Product A,4302,3607,695,8451895
2022-08-01,Kano,Product B,1329,795,534,6762576
2022-08-01,Kano,Product C,712,564,148,1550152
2022-08-01,Kano,Product D,3188,2507,681,3509193
2022-08-01,Ibadan,Product A,1384,310,1074,2363874
2022-08-01,Ibadan,Product B,1053,707,346,5166818
2022-08-01,Ibadan,Product C,2086,1952,134,1526394
2022-08-01,Ibadan,Product D,1532,1405,127,1312799
2022-09-01,Lagos,Product A,2599,1555,1044,9288468
2022-09-01,Lagos,Product B,4443,3742,701,3537246
2022-09-01,Lagos,Product C,2491,663,1828,4975816
2022-09-01,Lagos,Product D,995,230,765,5436090
2022-09-01,Abuja,Product A,4070,2201,1869,23693313
2022-09-01,Abuja,Product B,3430,1374,2056,23771472
2022-09-01,Abuja,Product C,4933,1292,3641,16075015
2022-09-01,Abuja,Product D,4346,2628,1718,20416712
2022-09-01,Port Harcourt,Product A,3309,1292,2017,16220714
2022-09-01,Port Harcourt,Product B,566,365,201,2333208
2022-09-01,Port Harcourt,Product C,1684,217,1467,8639163
2022-09-01,Port Harcourt,Product D,4654,547,4107,36613905
2022-09-01,Kano,Product A,3316,900,2416,12761312
2022-09-01,Kano,Product B,2148,380,1768,13427960
2022-09-01,Kano,Product C,2051,1467,584,5719696
2022-09-01,Kano,Product D,4328,2812,1516,17397616
2022-09-01,Ibadan,Product A,3249,2623,626,4325034
2022-09-01,Ibadan,Product B,3929,1446,2483,11565814
2022-09-01,Ibadan,Product C,1358,1030,328,4897040
2022-09-01,Ibadan,Product D,845,607,238,1331372
2022-10-01,Lagos,Product A,530,427,103,582362
2022-10-01,Lagos,Product B,2386,2010,376,4595472
2022-10-01,Lagos,Product C,2246,1079,1167,11525292
2022-10-01,Lagos,Product D,3215,3131,84,685272
2022-10-01,Abuja,Product A,2181,1739,442,2217956
2022-10-01,Abuja,Product B,555,285,270,583740
2022-10-01,Abuja,Product C,1104,466,638,1589258
2022-10-01,Abuja,Product D,1443,391,1052,7111520
2022-10-01,Port Harcourt,Product A,4107,896,3211,39633373
2022-10-01,Port Harcourt,Product B,3448,279,3169,7878134
2022-10-01,Port Harcourt,Product C,2131,505,1626,10819404
2022-10-01,Port Harcourt,Product D,1926,548,1378,8670376
2022-10-01,Kano,Product A,1927,795,1132,12548220
2022-10-01,Kano,Product B,2514,831,1683,8770113
2022-10-01,Kano,Product C,676,280,396,2490444
2022-10-01,Kano,Product D,1328,142,1186,15535414
2022-10-01,Ibadan,Product A,1624,876,748,9521292
2022-10-01,Ibadan,Product B,1409,793,616,3353504
2022-10-01,Ibadan,Product C,2999,1968,1031,6117954
2022-10-01,Ibadan,Product D,3528,3415,113,915300
2022-11-01,Lagos,Product A,1903,1179,724,8840040
2022-11-01,Lagos,Product B,4053,3697,356,4858688
2022-11-01,Lagos,Product C,1035,221,814,3553924
2022-11-01,Lagos,Product D,1571,488,1083,5566620
2022-11-01,Abuja,Product A,4862,3198,1664,22257664
2022-11-01,Abuja,Product B,3565,1402,2163,25573149
2022-11-01,Abuja,Product C,4018,2705,1313,7885878
2022-11-01,Abuja,Product D,878,730,148,1720056
2022-11-01,Port Harcourt,Product A,2049,1849,200,2154600
2022-11-01,Port Harcourt,Product B,2909,708,2201,16216968
2022-11-01,Port Harcourt,Product C,2524,318,2206,27162478
2022-11-01,Port Harcourt,Product D,2794,617,2177,22481879
2022-11-01,Kano,Product A,4505,1814,2691,37447956
2022-11-01,Kano,Product B,1166,1063,103,1540777
2022-11-01,Kano,Product C,1031,271,760,7853080
2022-11-01,Kano,Product D,3679,3177,502,6309136
2022-11-01,Ibadan,Product A,4671,3165,1506,15313008
2022-11-01,Ibadan,Product B,4750,3903,847,4177404
2022-11-01,Ibadan,Product C,3136,3018,118,958750
2022-11-01,Ibadan,Product D,4804,4059,745,10225125
2022-12-01,Lagos,Product A,4553,3981,572,3658512
2022-12-01,Lagos,Product B,3784,2713,1071,16014663
2022-12-01,Lagos,Product C,799,312,487,2725252
2022-12-01,Lagos,Product D,2162,1951,211,1232240
2022-12-01,Abuja,Product A,3743,995,2748,19271724
2022-12-01,Abuja,Product B,3981,3740,241,1970898
2022-12-01,Abuja,Product C,1787,866,921,5682570
2022-12-01,Abuja,Product D,1194,375,819,11723166
2022-12-01,Port Harcourt,Product A,1188,704,484,4492488
2022-12-01,Port Harcourt,Product B,4750,2980,1770,10214670
2022-12-01,Port Harcourt,Product C,837,576,261,2712312
2022-12-01,Port Harcourt,Product D,3255,1845,1410,13241310
2022-12-01,Kano,Product A,4330,3643,687,5976900
2022-12-01,Kano,Product B,3510,3395,115,1167365
2022-12-01,Kano,Product C,3097,1218,1879,15528056
2022-12-01,Kano,Product D,702,283,419,3869884
2022-12-01,Ibadan,Product A,2415,1187,1228,15439644
2022-12-01,Ibadan,Product B,1121,467,654,2190900
2022-12-01,Ibadan,Product C,2912,2155,757,7873557
2022-12-01,Ibadan,Product D,4978,740,4238,63040250
2023-01-01,Lagos,Product A,2764,1032,1732,6255984
2023-01-01,Lagos,Product B,1471,246,1225,9679950
2023-01-01,Lagos,Product C,813,659,154,813274
2023-01-01,Lagos,Product D,3234,905,2329,30416740
2023-01-01,Abuja,Product A,3197,1124,2073,14426007
2023-01-01,Abuja,Product B,2748,880,1868,25331948
2023-01-01,Abuja,Product C,1629,1566,63,889623
2023-01-01,Abuja,Product D,4949,2239,2710,5796690
2023-01-01,Port Harcourt,Product A,2953,1254,1699,13046621
2023-01-01,Port Harcourt,Product B,3808,1761,2047,23542547
2023-01-01,Port Harcourt,Product C,597,341,256,3255296
2023-01-01,Port Harcourt,Product D,4699,1322,3377,28745024
2023-01-01,Kano,Product A,2364,1029,1335,18491085
2023-01-01,Kano,Product B,2219,2043,176,1025904
2023-01-01,Kano,Product C,4725,4627,98,1412376
2023-01-01,Kano,Product D,4339,3879,460,3487260
2023-01-01,Ibadan,Product A,1203,741,462,2345574
2023-01-01,Ibadan,Product B,4012,3254,758,10183730
2023-01-01,Ibadan,Product C,3921,958,2963,27221081
2023-01-01,Ibadan,Product D,4186,3593,593,6611357
2023-02-01,Lagos,Product A,746,483,263,1124588
2023-02-01,Lagos,Product B,1551,725,826,11636688
2023-02-01,Lagos,Product C,579,355,224,2865856
2023-02-01,Lagos,Product D,3405,1491,1914,10898316
2023-02-01,Abuja,Product A,3933,1843,2090,27661150
2023-02-01,Abuja,Product B,3804,3224,580,8559060
2023-02-01,Abuja,Product C,4904,2554,2350,17253700
2023-02-01,Abuja,Product D,690,681,9,133803
2023-02-01,Port Harcourt,Product A,763,242,521,2353878
2023-02-01,Port Harcourt,Product B,3205,2427,778,9584182
2023-02-01,Port Harcourt,Product C,3702,1661,2041,10909145
2023-02-01,Port Harcourt,Product D,3700,360,3340,35928380
2023-02-01,Kano,Product A,3665,871,2794,27319732
2023-02-01,Kano,Product B,1389,773,616,6979280
2023-02-01,Kano,Product C,4198,2595,1603,5653781
2023-02-01,Kano,Product D,1904,313,1591,20773687
2023-02-01,Ibadan,Product A,1955,165,1790,23785520
2023-02-01,Ibadan,Product B,4502,319,4183,21157614
2023-02-01,Ibadan,Product C,2130,242,1888,15711936
2023-02-01,Ibadan,Product D,2825,943,1882,10949476
2023-03-01,Lagos,Product A,2884,2801,83,879053
2023-03-01,Lagos,Product B,1073,565,508,1494028
2023-03-01,Lagos,Product C,3519,2223,1296,2825280
2023-03-01,Lagos,Product D,1907,769,1138,9935878
2023-03-01,Abuja,Product A,3703,743,2960,11289440
2023-03-01,Abuja,Product B,1557,1198,359,3178945
2023-03-01,Abuja,Product C,4417,663,3754,31432242
2023-03-01,Abuja,Product D,2191,632,1559,8370271
2023-03-01,Port Harcourt,Product A,3037,1870,1167,15902709
2023-03-01,Port Harcourt,Product B,4389,1400,2989,35542199
2023-03-01,Port Harcourt,Product C,3042,2506,536,2854200
2023-03-01,Port Harcourt,Product D,4616,3859,757,4929584
2023-03-01,Kano,Product A,2152,130,2022,8769414
2023-03-01,Kano,Product B,4151,362,3789,32361849
2023-03-01,Kano,Product C,2522,2253,269,1987372
2023-03-01,Kano,Product D,4521,3869,652,6246160
2023-03-01,Ibadan,Product A,820,193,627,4211559
2023-03-01,Ibadan,Product B,4238,2940,1298,17487954
2023-03-01,Ibadan,Product C,2936,1701,1235,14873105
2023-03-01,Ibadan,Product D,1934,950,984,5983704
2023-04-01,Lagos,Product A,1971,1943,28,339360
2023-04-01,Lagos,Product B,4039,1975,2064,17135328
2023-04-01,Lagos,Product C,2002,1530,472,5341152
2023-04-01,Lagos,Product D,1282,905,377,5069142
2023-04-01,Abuja,Product A,857,345,512,2348544
2023-04-01,Abuja,Product B,2742,2672,70,756700
2023-04-01,Abuja,Product C,2891,2830,61,188673
2023-04-01,Abuja,Product D,2279,2121,158,1380604
2023-04-01,Port Harcourt,Product A,1493,855,638,2075414
2023-04-01,Port Harcourt,Product B,1361,1133,228,3319224
2023-04-01,Port Harcourt,Product C,3170,1779,1391,13058708
2023-04-01,Port Harcourt,Product D,1850,617,1233,6654501
2023-04-01,Kano,Product A,4645,465,4180,40010960
2023-04-01,Kano,Product B,718,174,544,6782048
2023-04-01,Kano,Product C,4283,3222,1061,8095430
2023-04-01,Kano,Product D,3771,3605,166,860710
2023-04-01,Ibadan,Product A,3749,254,3495,7601625
2023-04-01,Ibadan,Product B,2552,569,1983,27002511
2023-04-01,Ibadan,Product C,1618,769,849,11021718
2023-04-01,Ibadan,Product D,4303,4071,232,2217456
2023-05-01,Lagos,Product A,1058,184,874,9600890
2023-05-01,Lagos,Product B,2484,1892,592,2543824
2023-05-01,Lagos,Product C,4356,2386,1970,9146710
2023-05-01,Lagos,Product D,1897,1817,80,183600
2023-05-01,Abuja,Product A,1323,462,861,5871159
2023-05-01,Abuja,Product B,1517,1194,323,4569481
2023-05-01,Abuja,Product C,3701,789,2912,9525152
2023-05-01,Abuja,Product D,591,446,145,939020
2023-05-01,Port Harcourt,Product A,1757,1002,755,5938830
2023-05-01,Port Harcourt,Product B,1957,543,1414,19377456
2023-05-01,Port Harcourt,Product C,782,645,137,759117
2023-05-01,Port Harcourt,Product D,4121,2953,1168,3249376
2023-05-01,Kano,Product A,4783,942,3841,32260559
2023-05-01,Kano,Product B,3025,1918,1107,3163806
2023-05-01,Kano,Product C,538,124,414,6067170
2023-05-01,Kano,Product D,3591,3242,349,1851445
2023-05-01,Ibadan,Product A,2545,1634,911,5382188
2023-05-01,Ibadan,Product B,2138,287,1851,4186962
2023-05-01,Ibadan,Product C,3954,214,3740,8370120
2023-05-01,Ibadan,Product D,3261,887,2374,31194360
2023-06-01,Lagos,Product A,1017,325,692,2478744
2023-06-01,Lagos,Product B,1875,1582,293,1387648
2023-06-01,Lagos,Product C,860,525,335,3482660
2023-06-01,Lagos,Product D,1382,769,613,4466318
2023-06-01,Abuja,Product A,2052,1379,673,3629489
2023-06-01,Abuja,Product B,4937,3336,1601,14425010
2023-06-01,Abuja,Product C,1489,575,914,5028828
2023-06-01,Abuja,Product D,1367,830,537,3919026
2023-06-01,Port Harcourt,Product A,1922,130,1792,15389696
2023-06-01,Port Harcourt,Product B,3090,149,2941,24633816
2023-06-01,Port Harcourt,Product C,2242,1979,263,1474378
2023-06-01,Port Harcourt,Product D,1040,773,267,1752054
2023-06-01,Kano,Product A,3522,279,3243,10063029
2023-06-01,Kano,Product B,2290,1783,507,3518580
2023-06-01,Kano,Product C,4592,934,3658,50019492
2023-06-01,Kano,Product D,4892,4762,130,625170
2023-06-01,Ibadan,Product A,2563,488,2075,24543100
2023-06-01,Ibadan,Product B,3157,2684,473,6341984
2023-06-01,Ibadan,Product C,3683,2876,807,11812866
2023-06-01,Ibadan,Product D,1588,780,808,3936576
2023-07-01,Lagos,Product A,3104,2829,275,2722225
2023-07-01,Lagos,Product B,1053,443,610,1396290
2023-07-01,Lagos,Product C,4177,1666,2511,26044092
2023-07-01,Lagos,Product D,2404,2162,242,2813250
2023-07-01,Abuja,Product A,608,219,389,912983
2023-07-01,Abuja,Product B,1516,732,784,4604432
2023-07-01,Abuja,Product C,4010,3201,809,4845910
2023-07-01,Abuja,Product D,1150,222,928,3946784
2023-07-01,Port Harcourt,Product A,3568,2142,1426,9780934
2023-07-01,Port Harcourt,Product B,2154,721,1433,11687548
2023-07-01,Port Harcourt,Product C,2174,255,1919,11322100
2023-07-01,Port Harcourt,Product D,4135,3127,1008,7444080
2023-07-01,Kano,Product A,1599,669,930,6697860
2023-07-01,Kano,Product B,824,633,191,2859652
2023-07-01,Kano,Product C,3898,2754,1144,7694544
2023-07-01,Kano,Product D,694,334,360,5042520
2023-07-01,Ibadan,Product A,3213,1503,1710,10206990
2023-07-01,Ibadan,Product B,2186,321,1865,24049175
2023-07-01,Ibadan,Product C,2534,1011,1523,18218126
2023-07-01,Ibadan,Product D,3625,2235,1390,10103910
2023-08-01,Lagos,Product A,2003,1005,998,12293364
2023-08-01,Lagos,Product B,549,133,416,4182880
2023-08-01,Lagos,Product C,1073,297,776,2213928
2023-08-01,Lagos,Product D,1659,518,1141,4629037
2023-08-01,Abuja,Product A,1251,455,796,9320364
2023-08-01,Abuja,Product B,4996,1774,3222,18916362
2023-08-01,Abuja,Product C,4656,740,3916,35177428
2023-08-01,Abuja,Product D,4326,2651,1675,7854075
2023-08-01,Port Harcourt,Product A,2118,601,1517,13572599
2023-08-01,Port Harcourt,Product B,1945,1340,605,3677795
2023-08-01,Port Harcourt,Product C,2983,1268,1715,19626460
2023-08-01,Port Harcourt,Product D,4172,4063,109,1353017
2023-08-01,Kano,Product A,2149,1213,936,13852800
2023-08-01,Kano,Product B,4441,755,3686,29086226
2023-08-01,Kano,Product C,3762,1647,2115,10042020
2023-08-01,Kano,Product D,4356,3715,641,5720925
2023-08-01,Ibadan,Product A,4639,3650,989,14297973
2023-08-01,Ibadan,Product B,1776,1725,51,504747
2023-08-01,Ibadan,Product C,662,490,172,1548344
2023-08-01,Ibadan,Product D,1181,714,467,5487717
2023-09-01,Lagos,Product A,4900,1351,3549,39241293
2023-09-01,Lagos,Product B,1939,626,1313,10809929
2023-09-01,Lagos,Product C,4298,2605,1693,15966683
2023-09-01,Lagos,Product D,2820,1636,1184,13272640
2023-09-01,Abuja,Product A,4439,689,3750,27971250
2023-09-01,Abuja,Product B,1619,1564,55,532840
2023-09-01,Abuja,Product C,2103,416,1687,8613822
2023-09-01,Abuja,Product D,534,106,428,4366884
2023-09-01,Port Harcourt,Product A,3565,2112,1453,12536484
2023-09-01,Port Harcourt,Product B,3906,1716,2190,31010400
2023-09-01,Port Harcourt,Product C,3556,1673,1883,18867660
2023-09-01,Port Harcourt,Product D,3021,2725,296,3444848
2023-09-01,Kano,Product A,1083,518,565,1489340
2023-09-01,Kano,Product B,1519,888,631,7108846
2023-09-01,Kano,Product C,1830,497,1333,19328500
2023-09-01,Kano,Product D,4074,4020,54,333828
2023-09-01,Ibadan,Product A,3355,2187,1168,15905824
2023-09-01,Ibadan,Product B,4502,3116,1386,18586260
2023-09-01,Ibadan,Product C,972,766,206,1712478
2023-09-01,Ibadan,Product D,3973,3113,860,5196980
2023-10-01,Lagos,Product A,2485,2056,429,1100385
2023-10-01,Lagos,Product B,3460,2684,776,10534976
2023-10-01,Lagos,Product C,731,251,480,3014880
2023-10-01,Lagos,Product D,4231,1307,2924,18029384
2023-10-01,Abuja,Product A,2526,2468,58,745648
2023-10-01,Abuja,Product B,1822,125,1697,6638664
2023-10-01,Abuja,Product C,1256,887,369,3142035
2023-10-01,Abuja,Product D,1158,486,672,6000288
2023-10-01,Port Harcourt,Product A,1858,1799,59,530587
2023-10-01,Port Harcourt,Product B,2571,1337,1234,12589268
2023-10-01,Port Harcourt,Product C,4867,3235,1632,18934464
2023-10-01,Port Harcourt,Product D,3022,1785,1237,17723736
2023-10-01,Kano,Product A,1228,323,905,11242815
2023-10-01,Kano,Product B,3321,684,2637,16895259
2023-10-01,Kano,Product C,2216,1730,486,6537672
2023-10-01,Kano,Product D,3023,126,2897,13786823
2023-10-01,Ibadan,Product A,4528,112,4416,15840192
2023-10-01,Ibadan,Product B,1072,892,180,2413440
2023-10-01,Ibadan,Product C,3922,2250,1672,14762088
2023-10-01,Ibadan,Product D,2862,1865,997,4780615
2023-11-01,Lagos,Product A,1945,867,1078,5447134
2023-11-01,Lagos,Product B,1600,505,1095,10917150
2023-11-01,Lagos,Product C,1990,1129,861,3276966
2023-11-01,Lagos,Product D,4191,2422,1769,9697658
2023-11-01,Abuja,Product A,2020,511,1509,4475694
2023-11-01,Abuja,Product B,1996,1757,239,3450682
2023-11-01,Abuja,Product C,2071,631,1440,12523680
2023-11-01,Abuja,Product D,4110,2667,1443,17647890
2023-11-01,Port Harcourt,Product A,1394,440,954,3154878
2023-11-01,Port Harcourt,Product B,2901,451,2450,20060600
2023-11-01,Port Harcourt,Product C,1521,666,855,2609460
2023-11-01,Port Harcourt,Product D,3302,221,3081,35724195
2023-11-01,Kano,Product A,2423,2057,366,3641334
2023-11-01,Kano,Product B,1325,119,1206,3618000
2023-11-01,Kano,Product C,2679,129,2550,32895000
2023-11-01,Kano,Product D,842,199,643,3509494
2023-11-01,Ibadan,Product A,4778,159,4619,37663326
2023-11-01,Ibadan,Product B,4760,2277,2483,24733163
2023-11-01,Ibadan,Product C,4376,2860,1516,18043432
2023-11-01,Ibadan,Product D,4018,1478,2540,20507960
2023-12-01,Lagos,Product A,3310,1391,1919,11370075
2023-12-01,Lagos,Product B,3459,2824,635,5415280
2023-12-01,Lagos,Product C,3600,2601,999,2934063
2023-12-01,Lagos,Product D,3416,1452,1964,7150924
2023-12-01,Abuja,Product A,525,333,192,2580672
2023-12-01,Abuja,Product B,3791,3070,721,3082275
2023-12-01,Abuja,Product C,710,225,485,5186105
2023-12-01,Abuja,Product D,2789,1118,1671,13428156
2023-12-01,Port Harcourt,Product A,4202,3992,210,2191560
2023-12-01,Port Harcourt,Product B,3884,2804,1080,5485320
2023-12-01,Port Harcourt,Product C,525,426,99,720522
2023-12-01,Port Harcourt,Product D,636,468,168,461832
2023-12-01,Kano,Product A,3166,2876,290,2690910
2023-12-01,Kano,Product B,2413,2084,329,2814924
2023-12-01,Kano,Product C,1166,813,353,3180530
2023-12-01,Kano,Product D,4400,922,3478,48796340
2023-12-01,Ibadan,Product A,3652,1303,2349,28063503
2023-12-01,Ibadan,Product B,2098,1558,540,2346300
2023-12-01,Ibadan,Product C,4760,4233,527,1328040
2023-12-01,Ibadan,Product D,1547,1119,428,1466328
2024-01-01,Lagos,Product A,2968,2856,112,1230880
2024-01-01,Lagos,Product B,4324,1476,2848,26517728
2024-01-01,Lagos,Product C,1447,1087,360,4628160
2024-01-01,Lagos,Product D,4929,2073,2856,17098872
2024-01-01,Abuja,Product A,2233,798,1435,20579335
2024-01-01,Abuja,Product B,1232,316,916,8358500
2024-01-01,Abuja,Product C,739,264,475,3490775
2024-01-01,Abuja,Product D,3641,3238,403,2656979
2024-01-01,Port Harcourt,Product A,2305,1155,1150,14846500
2024-01-01,Port Harcourt,Product B,4401,1108,3293,42489579
2024-01-01,Port Harcourt,Product C,1612,1194,418,5174840
2024-01-01,Port Harcourt,Product D,4530,840,3690,49202460
2024-01-01,Kano,Product A,3226,1016,2210,25273560
2024-01-01,Kano,Product B,1029,759,270,2058210
2024-01-01,Kano,Product C,3588,3038,550,7794600
2024-01-01,Kano,Product D,3626,2778,848,10616960
2024-01-01,Ibadan,Product A,4079,3411,668,3889764
2024-01-01,Ibadan,Product B,2331,1161,1170,4557150
2024-01-01,Ibadan,Product C,2883,459,2424,9269376
2024-01-01,Ibadan,Product D,1230,796,434,6133722
2024-02-01,Lagos,Product A,2041,1624,417,1627134
2024-02-01,Lagos,Product B,3512,621,2891,20624394
2024-02-01,Lagos,Product C,3614,2463,1151,16198023
2024-02-01,Lagos,Product D,513,259,254,765302
2024-02-01,Abuja,Product A,4887,1655,3232,27016288
2024-02-01,Abuja,Product B,3970,1409,2561,37482796
2024-02-01,Abuja,Product C,3490,3366,124,1627996
2024-02-01,Abuja,Product D,1534,1164,370,4763380
2024-02-01,Port Harcourt,Product A,2319,536,1783,15112708
2024-02-01,Port Harcourt,Product B,575,375,200,1909200
2024-02-01,Port Harcourt,Product C,3088,692,2396,16443748
2024-02-01,Port Harcourt,Product D,2293,2147,146,1918440
2024-02-01,Kano,Product A,4233,1307,2926,34684804
2024-02-01,Kano,Product B,2821,697,2124,30243636
2024-02-01,Kano,Product C,781,713,68,492660
2024-02-01,Kano,Product D,3030,2157,873,11595186
2024-02-01,Ibadan,Product A,1511,660,851,11552325
2024-02-01,Ibadan,Product B,4418,1867,2551,25790610
2024-02-01,Ibadan,Product C,2887,1642,1245,3688935
2024-02-01,Ibadan,Product D,3229,725,2504,34412472
2024-03-01,Lagos,Product A,2225,1021,1204,16223900
2024-03-01,Lagos,Product B,930,894,36,177588
2024-03-01,Lagos,Product C,4493,3309,1184,8169600
2024-03-01,Lagos,Product D,1804,144,1660,18221820
2024-03-01,Abuja,Product A,3713,1482,2231,19902751
2024-03-01,Abuja,Product B,4378,2953,1425,20539950
2024-03-01,Abuja,Product C,3706,1701,2005,6367880
2024-03-01,Abuja,Product D,4824,2418,2406,15942156
2024-03-01,Port Harcourt,Product A,2098,1535,563,6180614
2024-03-01,Port Harcourt,Product B,3725,498,3227,13372688
2024-03-01,Port Harcourt,Product C,3149,2477,672,1939392
2024-03-01,Port Harcourt,Product D,2990,1974,1016,12928600
2024-03-01,Kano,Product A,1840,1282,558,2373174
2024-03-01,Kano,Product B,4119,2950,1169,11577776
2024-03-01,Kano,Product C,2884,693,2191,11910276
2024-03-01,Kano,Product D,2286,901,1385,19455095
2024-03-01,Ibadan,Product A,574,285,289,4015366
2024-03-01,Ibadan,Product B,1335,402,933,7621677
2024-03-01,Ibadan,Product C,3998,2883,1115,5302940
2024-03-01,Ibadan,Product D,961,198,763,5970475
2024-04-01,Lagos,Product A,4381,1571,2810,8033790
2024-04-01,Lagos,Product B,1461,1155,306,3871206
2024-04-01,Lagos,Product C,3272,2530,742,6757394
2024-04-01,Lagos,Product D,1717,1384,333,4608054
2024-04-01,Abuja,Product A,3809,1103,2706,6916536
2024-04-01,Abuja,Product B,1473,593,880,7478240
2024-04-01,Abuja,Product C,4502,2579,1923,25520133
2024-04-01,Abuja,Product D,1913,1436,477,6777693
2024-04-01,Port Harcourt,Product A,3575,3277,298,3973532
2024-04-01,Port Harcourt,Product B,1234,1049,185,2340990
2024-04-01,Port Harcourt,Product C,3630,1227,2403,29701080
2024-04-01,Port Harcourt,Product D,4146,1604,2542,5566980
2024-04-01,Kano,Product A,1483,338,1145,3839185
2024-04-01,Kano,Product B,1499,1101,398,4978184
2024-04-01,Kano,Product C,4675,1942,2733,6496341
2024-04-01,Kano,Product D,4428,2342,2086,27881476
2024-04-01,Ibadan,Product A,1274,470,804,6665160
2024-04-01,Ibadan,Product B,4466,3652,814,5606832
2024-04-01,Ibadan,Product C,1525,303,1222,8954816
2024-04-01,Ibadan,Product D,1020,830,190,2053140
2024-05-01,Lagos,Product A,2014,930,1084,14612320
2024-05-01,Lagos,Product B,661,503,158,1755380
2024-05-01,Lagos,Product C,4894,4442,452,4521808
2024-05-01,Lagos,Product D,1023,631,392,4539360
2024-05-01,Abuja,Product A,4915,1116,3799,54496655
2024-05-01,Abuja,Product B,2199,580,1619,8030240
2024-05-01,Abuja,Product C,1974,110,1864,20668032
2024-05-01,Abuja,Product D,4163,3378,785,5611965
2024-05-01,Port Harcourt,Product A,1507,180,1327,5453970
2024-05-01,Port Harcourt,Product B,2189,760,1429,4912902
2024-05-01,Port Harcourt,Product C,2603,243,2360,7990960
2024-05-01,Port Harcourt,Product D,1521,1136,385,2653035
2024-05-01,Kano,Product A,3478,2329,1149,5527839
2024-05-01,Kano,Product B,3965,2795,1170,2341170
2024-05-01,Kano,Product C,2534,1331,1203,3315468
2024-05-01,Kano,Product D,4755,2503,2252,28823348
2024-05-01,Ibadan,Product A,4875,3744,1131,4853121
2024-05-01,Ibadan,Product B,4517,2663,1854,19583802
2024-05-01,Ibadan,Product C,3384,2582,802,8676036
2024-05-01,Ibadan,Product D,4682,1819,2863,37994873
2024-06-01,Lagos,Product A,1311,191,1120,6590080
2024-06-01,Lagos,Product B,800,292,508,2195068
2024-06-01,Lagos,Product C,2955,981,1974,8286852
2024-06-01,Lagos,Product D,2269,1570,699,4574256
2024-06-01,Abuja,Product A,1552,1374,178,1586692
2024-06-01,Abuja,Product B,1109,663,446,2754942
2024-06-01,Abuja,Product C,2635,1663,972,12290940
2024-06-01,Abuja,Product D,1837,919,918,8695296
2024-06-01,Port Harcourt,Product A,1182,620,562,7353208
2024-06-01,Port Harcourt,Product B,3984,3951,33,441474
2024-06-01,Port Harcourt,Product C,1673,1197,476,2540888
2024-06-01,Port Harcourt,Product D,1078,744,334,4677336
2024-06-01,Kano,Product A,2706,2693,13,174408
2024-06-01,Kano,Product B,2078,1563,515,4169955
2024-06-01,Kano,Product C,4689,1443,3246,28811496
2024-06-01,Kano,Product D,1757,747,1010,15056070
2024-06-01,Ibadan,Product A,4052,1652,2400,5817600
2024-06-01,Ibadan,Product B,2527,417,2110,13556750
2024-06-01,Ibadan,Product C,1520,1188,332,1262264
2024-06-01,Ibadan,Product D,4992,3432,1560,4804800
2024-07-01,Lagos,Product A,3198,2722,476,1645532
2024-07-01,Lagos,Product B,3472,1466,2006,29582482
2024-07-01,Lagos,Product C,2738,699,2039,11618222
2024-07-01,Lagos,Product D,2741,140,2601,9374004
2024-07-01,Abuja,Product A,3589,1010,2579,21155537
2024-07-01,Abuja,Product B,1360,352,1008,4918032
2024-07-01,Abuja,Product C,4812,2611,2201,25635047
2024-07-01,Abuja,Product D,4510,882,3628,38696248
2024-07-01,Port Harcourt,Product A,3358,2969,389,4424486
2024-07-01,Port Harcourt,Product B,2810,2359,451,2904440
2024-07-01,Port Harcourt,Product C,1311,198,1113,5339061
2024-07-01,Port Harcourt,Product D,3105,1695,1410,6993600
2024-07-01,Kano,Product A,3327,3136,191,2503055
2024-07-01,Kano,Product B,4855,4619,236,2771112
2024-07-01,Kano,Product C,3798,2053,1745,20423480
2024-07-01,Kano,Product D,1545,630,915,1971825
2024-07-01,Ibadan,Product A,4707,1373,3334,42585182
2024-07-01,Ibadan,Product B,1535,392,1143,9379458
2024-07-01,Ibadan,Product C,2690,316,2374,32962990
2024-07-01,Ibadan,Product D,3532,2997,535,7885365
2024-08-01,Lagos,Product A,2540,1813,727,9871933
2024-08-01,Lagos,Product B,4250,1599,2651,24365341
2024-08-01,Lagos,Product C,3399,3370,29,280662
2024-08-01,Lagos,Product D,4614,2449,2165,14113635
2024-08-01,Abuja,Product A,4004,2232,1772,24402212
2024-08-01,Abuja,Product B,2374,1350,1024,12711936
2024-08-01,Abuja,Product C,1212,725,487,4217420
2024-08-01,Abuja,Product D,3061,469,2592,32135616
2024-08-01,Port Harcourt,Product A,1151,257,894,12479346
2024-08-01,Port Harcourt,Product B,2466,483,1983,9330015
2024-08-01,Port Harcourt,Product C,970,186,784,11117120
2024-08-01,Port Harcourt,Product D,2841,2369,472,4754928
2024-08-01,Kano,Product A,587,585,2,17892
2024-08-01,Kano,Product B,4667,1217,3450,34010100
2024-08-01,Kano,Product C,4578,4318,260,3438500
2024-08-01,Kano,Product D,4861,1121,3740,32324820
2024-08-01,Ibadan,Product A,613,294,319,4536499
2024-08-01,Ibadan,Product B,559,465,94,842428
2024-08-01,Ibadan,Product C,4877,2926,1951,11707951
2024-08-01,Ibadan,Product D,4826,446,4380,52345380
2024-09-01,Lagos,Product A,4175,4051,124,590364
2024-09-01,Lagos,Product B,4788,1943,2845,13838080
2024-09-01,Lagos,Product C,1115,475,640,2677760
2024-09-01,Lagos,Product D,4708,2994,1714,4857476
2024-09-01,Abuja,Product A,3962,2129,1833,15050763
2024-09-01,Abuja,Product B,1896,864,1032,3978360
2024-09-01,Abuja,Product C,3268,2881,387,2357604
2024-09-01,Abuja,Product D,4916,1065,3851,26001952
2024-09-01,Port Harcourt,Product A,2950,2078,872,5937448
2024-09-01,Port Harcourt,Product B,2668,972,1696,3453056
2024-09-01,Port Harcourt,Product C,3724,990,2734,19121596
2024-09-01,Port Harcourt,Product D,4723,390,4333,41536138
2024-09-01,Kano,Product A,4499,571,3928,30748384
2024-09-01,Kano,Product B,548,415,133,1269086
2024-09-01,Kano,Product C,3191,1322,1869,14574462
2024-09-01,Kano,Product D,1377,110,1267,9792643
2024-09-01,Ibadan,Product A,2025,923,1102,8604416
2024-09-01,Ibadan,Product B,572,151,421,3813418
2024-09-01,Ibadan,Product C,4530,1718,2812,9527056
2024-09-01,Ibadan,Product D,4834,4313,521,2353878
2024-10-01,Lagos,Product A,3864,607,3257,32521145
2024-10-01,Lagos,Product B,556,179,377,5506462
2024-10-01,Lagos,Product C,2549,1026,1523,14789853
2024-10-01,Lagos,Product D,3738,1633,2105,14530815
2024-10-01,Abuja,Product A,3485,1854,1631,8128904
2024-10-01,Abuja,Product B,4894,2307,2587,9778860
2024-10-01,Abuja,Product C,4092,2788,1304,11994192
2024-10-01,Abuja,Product D,1825,386,1439,11217005
2024-10-01,Port Harcourt,Product A,4055,123,3932,31003820
2024-10-01,Port Harcourt,Product B,2125,326,1799,9183895
2024-10-01,Port Harcourt,Product C,2833,264,2569,10764110
2024-10-01,Port Harcourt,Product D,3732,1824,1908,27070704
2024-10-01,Kano,Product A,3213,229,2984,13803984
2024-10-01,Kano,Product B,2130,2042,88,866976
2024-10-01,Kano,Product C,2677,586,2091,18607809
2024-10-01,Kano,Product D,4506,4159,347,4569643
2024-10-01,Ibadan,Product A,1543,765,778,11129290
2024-10-01,Ibadan,Product B,3775,2155,1620,22508280
2024-10-01,Ibadan,Product C,3685,638,3047,11569459
2024-10-01,Ibadan,Product D,1383,143,1240,5041840
2024-11-01,Lagos,Product A,1774,804,970,9886240
2024-11-01,Lagos,Product B,611,342,269,767188
2024-11-01,Lagos,Product C,3302,1859,1443,17001426
2024-11-01,Lagos,Product D,565,322,243,2397681
2024-11-01,Abuja,Product A,2871,1255,1616,16096976
2024-11-01,Abuja,Product B,1176,978,198,1199682
2024-11-01,Abuja,Product C,1749,1593,156,1618656
2024-11-01,Abuja,Product D,2030,610,1420,9380520
2024-11-01,Port Harcourt,Product A,1442,639,803,10827652
2024-11-01,Port Harcourt,Product B,2526,1857,669,3512250
2024-11-01,Port Harcourt,Product C,4382,944,3438,46368306
2024-11-01,Port Harcourt,Product D,4615,1584,3031,15430821
2024-11-01,Kano,Product A,1718,569,1149,4564977
2024-11-01,Kano,Product B,1583,921,662,1739736
2024-11-01,Kano,Product C,2743,887,1856,8157120
2024-11-01,Kano,Product D,3992,172,3820,46222000
2024-11-01,Ibadan,Product A,2135,286,1849,5240066
2024-11-01,Ibadan,Product B,3615,1768,1847,19580047
2024-11-01,Ibadan,Product C,3010,2967,43,532168
2024-11-01,Ibadan,Product D,2395,1008,1387,10412209
2024-12-01,Lagos,Product A,3990,2062,1928,5793640
2024-12-01,Lagos,Product B,4676,3598,1078,13527822
2024-12-01,Lagos,Product C,923,411,512,1947136
2024-12-01,Lagos,Product D,2705,1589,1116,7361136
2024-12-01,Abuja,Product A,3375,3014,361,3194489
2024-12-01,Abuja,Product B,2523,1410,1113,3093027
2024-12-01,Abuja,Product C,1988,183,1805,3624440
2024-12-01,Abuja,Product D,927,776,151,2144502
2024-12-01,Port Harcourt,Product A,3134,968,2166,14455884
2024-12-01,Port Harcourt,Product B,4367,2395,1972,23539764
2024-12-01,Port Harcourt,Product C,1325,982,343,1724604
2024-12-01,Port Harcourt,Product D,2566,2112,454,3612024
2024-12-01,Kano,Product A,3238,1346,1892,7240684
2024-12-01,Kano,Product B,1293,127,1166,15378374
2024-12-01,Kano,Product C,1567,778,789,6238623
2024-12-01,Kano,Product D,3460,3143,317,4678603
2024-12-01,Ibadan,Product A,4832,3144,1688,9964264
2024-12-01,Ibadan,Product B,2760,960,1800,20831400
2024-12-01,Ibadan,Product C,3646,457,3189,11933238
2024-12-01,Ibadan,Product D,1568,1389,179,2535714
2025-01-01,Lagos,Product A,1485,184,1301,15104610
2025-01-01,Lagos,Product B,2060,495,1565,21197925
2025-01-01,Lagos,Product C,4151,3890,261,943776
2025-01-01,Lagos,Product D,1113,1064,49,536795
2025-01-01,Abuja,Product A,3309,1334,1975,27420900
2025-01-01,Abuja,Product B,4384,1754,2630,28248830
2025-01-01,Abuja,Product C,1758,189,1569,6423486
2025-01-01,Abuja,Product D,2070,956,1114,12275166
2025-01-01,Port Harcourt,Product A,2568,2395,173,1330370
2025-01-01,Port Harcourt,Product B,3498,1936,1562,19242278
2025-01-01,Port Harcourt,Product C,1461,993,468,1455012
2025-01-01,Port Harcourt,Product D,4455,3532,923,9766263
2025-01-01,Kano,Product A,4627,279,4348,20587780
2025-01-01,Kano,Product B,2745,628,2117,14279165
2025-01-01,Kano,Product C,872,679,193,578228
2025-01-01,Kano,Product D,2058,1616,442,3762304
2025-01-01,Ibadan,Product A,4555,4461,94,978728
2025-01-01,Ibadan,Product B,1114,269,845,7750340
2025-01-01,Ibadan,Product C,4672,3246,1426,15992590
2025-01-01,Ibadan,Product D,3696,1741,1955,23358340
2025-02-01,Lagos,Product A,2724,947,1777,8911655
2025-02-01,Lagos,Product B,529,181,348,3956412
2025-02-01,Lagos,Product C,2284,136,2148,32119044
2025-02-01,Lagos,Product D,4700,3830,870,8920980
2025-02-01,Abuja,Product A,4801,2220,2581,17992151
2025-02-01,Abuja,Product B,2304,1313,991,13481564
2025-02-01,Abuja,Product C,2699,2361,338,1335438
2025-02-01,Abuja,Product D,1901,558,1343,3689221
2025-02-01,Port Harcourt,Product A,4870,2051,2819,19115639
2025-02-01,Port Harcourt,Product B,820,754,66,292182
2025-02-01,Port Harcourt,Product C,2775,644,2131,13702330
2025-02-01,Port Harcourt,Product D,922,757,165,1003035
2025-02-01,Kano,Product A,2220,575,1645,3326190
2025-02-01,Kano,Product B,3346,2691,655,7803670
2025-02-01,Kano,Product C,3523,1429,2094,7042122
2025-02-01,Kano,Product D,4999,2263,2736,37838880
2025-02-01,Ibadan,Product A,1594,936,658,7907844
2025-02-01,Ibadan,Product B,2915,1429,1486,4365868
2025-02-01,Ibadan,Product C,585,521,64,500736
2025-02-01,Ibadan,Product D,2296,1245,1051,5144645
2025-03-01,Lagos,Product A,2597,164,2433,26286132
2025-03-01,Lagos,Product B,1371,882,489,6216168
2025-03-01,Lagos,Product C,2608,2575,33,363825
2025-03-01,Lagos,Product D,2188,1911,277,1555078
2025-03-01,Abuja,Product A,3156,1200,1956,10446996
2025-03-01,Abuja,Product B,3739,737,3002,27942616
2025-03-01,Abuja,Product C,2398,1877,521,4188319
2025-03-01,Abuja,Product D,1715,1081,634,2241190
2025-03-01,Port Harcourt,Product A,4562,1586,2976,28349376
2025-03-01,Port Harcourt,Product B,2015,1770,245,1196825
2025-03-01,Port Harcourt,Product C,2047,1266,781,7838116
2025-03-01,Port Harcourt,Product D,1977,1426,551,3648171
2025-03-01,Kano,Product A,672,417,255,1190595
2025-03-01,Kano,Product B,1955,1774,181,1530898
2025-03-01,Kano,Product C,2038,242,1796,7814396
2025-03-01,Kano,Product D,1090,536,554,3333972
2025-03-01,Ibadan,Product A,4227,3397,830,3022860
2025-03-01,Ibadan,Product B,4815,1224,3591,49940037
2025-03-01,Ibadan,Product C,596,408,188,683004
2025-03-01,Ibadan,Product D,3595,1672,1923,4497897
2025-04-01,Lagos,Product A,1401,127,1274,18483192
2025-04-01,Lagos,Product B,858,235,623,3780364
2025-04-01,Lagos,Product C,1184,648,536,2324096
2025-04-01,Lagos,Product D,610,505,105,226065
2025-04-01,Abuja,Product A,1371,1210,161,2263660
2025-04-01,Abuja,Product B,3272,2997,275,932800
2025-04-01,Abuja,Product C,2157,670,1487,14678177
2025-04-01,Abuja,Product D,4139,3440,699,3265728
2025-04-01,Port Harcourt,Product A,3018,1458,1560,15359760
2025-04-01,Port Harcourt,Product B,1765,599,1166,3398890
2025-04-01,Port Harcourt,Product C,4952,2291,2661,32677080
2025-04-01,Port Harcourt,Product D,4953,1108,3845,9024215
2025-04-01,Kano,Product A,864,205,659,7198257
2025-04-01,Kano,Product B,2930,520,2410,25018210
2025-04-01,Kano,Product C,3902,680,3222,6505218
2025-04-01,Kano,Product D,2337,198,2139,12220107
2025-04-01,Ibadan,Product A,3999,1678,2321,10244894
2025-04-01,Ibadan,Product B,3394,2784,610,4086390
2025-04-01,Ibadan,Product C,2350,1675,675,8944425
2025-04-01,Ibadan,Product D,1420,1107,313,1495514
2025-05-01,Lagos,Product A,1402,559,843,3090438
2025-05-01,Lagos,Product B,2808,1563,1245,4045005
2025-05-01,Lagos,Product C,3233,584,2649,20942994
2025-05-01,Lagos,Product D,1194,188,1006,11975424
2025-05-01,Abuja,Product A,1737,464,1273,11485006
2025-05-01,Abuja,Product B,4845,2843,2002,23671648
2025-05-01,Abuja,Product C,1985,1491,494,4429698
2025-05-01,Abuja,Product D,1730,1466,264,3500112
2025-05-01,Port Harcourt,Product A,2970,2659,311,2084322
2025-05-01,Port Harcourt,Product B,3353,525,2828,18215148
2025-05-01,Port Harcourt,Product C,4589,3123,1466,9306168
2025-05-01,Port Harcourt,Product D,1125,104,1021,4528135
2025-05-01,Kano,Product A,1700,755,945,4177845
2025-05-01,Kano,Product B,3699,1929,1770,24457860
2025-05-01,Kano,Product C,4419,651,3768,14521872
2025-05-01,Kano,Product D,4001,3076,925,6069850
2025-05-01,Ibadan,Product A,1685,285,1400,10208800
2025-05-01,Ibadan,Product B,1544,472,1072,15624400
2025-05-01,Ibadan,Product C,3654,1544,2110,15257410
2025-05-01,Ibadan,Product D,4548,3572,976,9647760
2025-06-01,Lagos,Product A,3891,2564,1327,19905000
2025-06-01,Lagos,Product B,3231,666,2565,32611410
2025-06-01,Lagos,Product C,2514,1669,845,7485855
2025-06-01,Lagos,Product D,5000,4172,828,8963928
2025-06-01,Abuja,Product A,4872,4135,737,7903588
2025-06-01,Abuja,Product B,4892,1985,2907,24131007
2025-06-01,Abuja,Product C,1184,963,221,2349893
2025-06-01,Abuja,Product D,2296,457,1839,10763667
2025-06-01,Port Harcourt,Product A,3463,111,3352,17866160
2025-06-01,Port Harcourt,Product B,640,471,169,1884012
2025-06-01,Port Harcourt,Product C,4382,1194,3188,12127152
2025-06-01,Port Harcourt,Product D,988,457,531,4201272
2025-06-01,Kano,Product A,1641,703,938,8951334
2025-06-01,Kano,Product B,1680,1229,451,4012998
2025-06-01,Kano,Product C,2486,963,1523,8649117
2025-06-01,Kano,Product D,957,864,93,395901
2025-06-01,Ibadan,Product A,1460,393,1067,8732328
2025-06-01,Ibadan,Product B,715,534,181,1464109
2025-06-01,Ibadan,Product C,943,818,125,467000
2025-06-01,Ibadan,Product D,1104,588,516,6052680
2025-07-01,Lagos,Product A,1795,161,1634,7199404
2025-07-01,Lagos,Product B,3492,678,2814,9269316
2025-07-01,Lagos,Product C,2507,415,2092,4610768
2025-07-01,Lagos,Product D,3911,713,3198,46498920
2025-07-01,Abuja,Product A,1994,1062,932,13217624
2025-07-01,Abuja,Product B,1647,1632,15,159615
2025-07-01,Abuja,Product C,2953,2025,928,8112576
2025-07-01,Abuja,Product D,3263,1918,1345,19908690
2025-07-01,Port Harcourt,Product A,608,246,362,1383564
2025-07-01,Port Harcourt,Product B,1777,222,1555,19476375
2025-07-01,Port Harcourt,Product C,763,718,45,643770
2025-07-01,Port Harcourt,Product D,1921,1130,791,3659957
2025-07-01,Kano,Product A,589,302,287,2565780
2025-07-01,Kano,Product B,4221,2213,2008,22834976
2025-07-01,Kano,Product C,4611,2607,2004,27298488
2025-07-01,Kano,Product D,2362,1835,527,2407863
2025-07-01,Ibadan,Product A,2726,476,2250,23724000
2025-07-01,Ibadan,Product B,3592,612,2980,42241500
2025-07-01,Ibadan,Product C,2235,1740,495,6010290
2025-07-01,Ibadan,Product D,958,324,634,5342718
2025-08-01,Lagos,Product A,2004,1784,220,3128840
2025-08-01,Lagos,Product B,1132,1059,73,716933
2025-08-01,Lagos,Product C,3065,2773,292,3654672
2025-08-01,Lagos,Product D,3818,3488,330,2716890
2025-08-01,Abuja,Product A,1850,211,1639,13252954
2025-08-01,Abuja,Product B,3975,897,3078,19766916
2025-08-01,Abuja,Product C,1388,313,1075,3519550
2025-08-01,Abuja,Product D,3471,2570,901,13297859
2025-08-01,Port Harcourt,Product A,3248,214,3034,17973416
2025-08-01,Port Harcourt,Product B,2811,766,2045,22235285
2025-08-01,Port Harcourt,Product C,1372,233,1139,6231469
2025-08-01,Port Harcourt,Product D,589,487,102,720528
2025-08-01,Kano,Product A,2037,1229,808,4286440
2025-08-01,Kano,Product B,765,346,419,2685790
2025-08-01,Kano,Product C,1196,191,1005,11292180
2025-08-01,Kano,Product D,4463,474,3989,11117343
2025-08-01,Ibadan,Product A,3077,481,2596,18317376
2025-08-01,Ibadan,Product B,569,282,287,4108405
2025-08-01,Ibadan,Product C,2813,1730,1083,11041185
2025-08-01,Ibadan,Product D,2096,744,1352,19357936
2025-09-01,Lagos,Product A,3700,3072,628,4917240
2025-09-01,Lagos,Product B,1561,1539,22,287188
2025-09-01,Lagos,Product C,1297,778,519,4500768
2025-09-01,Lagos,Product D,4625,927,3698,37819446
2025-09-01,Abuja,Product A,1730,148,1582,18382840
2025-09-01,Abuja,Product B,3630,2053,1577,18302662
2025-09-01,Abuja,Product C,806,397,409,1898169
2025-09-01,Abuja,Product D,1741,1497,244,2339228
2025-09-01,Port Harcourt,Product A,1145,291,854,11760434
2025-09-01,Port Harcourt,Product B,2397,983,1414,18615310
2025-09-01,Port Harcourt,Product C,1653,1571,82,380316
2025-09-01,Port Harcourt,Product D,4609,4329,280,3902920
2025-09-01,Kano,Product A,4786,2896,1890,17635590
2025-09-01,Kano,Product B,1574,794,780,5276700
2025-09-01,Kano,Product C,3451,2653,798,7229082
2025-09-01,Kano,Product D,827,799,28,233800
2025-09-01,Ibadan,Product A,2458,955,1503,18036000
2025-09-01,Ibadan,Product B,1114,1081,33,148368
2025-09-01,Ibadan,Product C,4575,897,3678,8253432
2025-09-01,Ibadan,Product D,1668,733,935,10251340
2025-10-01,Lagos,Product A,1214,1121,93,329313
2025-10-01,Lagos,Product B,4225,2669,1556,7437680
2025-10-01,Lagos,Product C,2921,761,2160,6730560
2025-10-01,Lagos,Product D,2794,2461,333,2648016
2025-10-01,Abuja,Product A,3394,465,2929,9270285
2025-10-01,Abuja,Product B,1967,1555,412,6034564
2025-10-01,Abuja,Product C,4274,2213,2061,20100933
2025-10-01,Abuja,Product D,2597,1910,687,8693298
2025-10-01,Port Harcourt,Product A,1650,353,1297,14679446
2025-10-01,Port Harcourt,Product B,4499,424,4075,32416625
2025-10-01,Port Harcourt,Product C,2848,1742,1106,9623306
2025-10-01,Port Harcourt,Product D,1556,1002,554,4436432
2025-10-01,Kano,Product A,4698,2669,2029,16479538
2025-10-01,Kano,Product B,1183,946,237,2438493
2025-10-01,Kano,Product C,4187,1176,3011,39691002
2025-10-01,Kano,Product D,849,735,114,1430586
2025-10-01,Ibadan,Product A,967,858,109,1629877
2025-10-01,Ibadan,Product B,2505,2397,108,230040
2025-10-01,Ibadan,Product C,1766,315,1451,9811662
2025-10-01,Ibadan,Product D,3578,748,2830,32095030
2025-11-01,Lagos,Product A,3770,3597,173,552735
2025-11-01,Lagos,Product B,2327,1690,637,6098001
2025-11-01,Lagos,Product C,1265,814,451,4344032
2025-11-01,Lagos,Product D,4337,3908,429,1624623
2025-11-01,Abuja,Product A,1203,469,734,10267926
2025-11-01,Abuja,Product B,1387,912,475,6928350
2025-11-01,Abuja,Product C,4048,917,3131,26857718
2025-11-01,Abuja,Product D,3192,364,2828,20355944
2025-11-01,Port Harcourt,Product A,3305,2575,730,7275910
2025-11-01,Port Harcourt,Product B,2241,2050,191,739743
2025-11-01,Port Harcourt,Product C,2780,1961,819,2151513
2025-11-01,Port Harcourt,Product D,4965,1375,3590,34819410
2025-11-01,Kano,Product A,1692,1411,281,1544657
2025-11-01,Kano,Product B,3122,2427,695,1746535
2025-11-01,Kano,Product C,3615,355,3260,25825720
2025-11-01,Kano,Product D,4023,2039,1984,10904064
2025-11-01,Ibadan,Product A,943,316,627,1489125
2025-11-01,Ibadan,Product B,3964,1205,2759,16909911
2025-11-01,Ibadan,Product C,1942,271,1671,7222062
2025-11-01,Ibadan,Product D,1067,380,687,5932932
2025-12-01,Lagos,Product A,1169,710,459,6273612
2025-12-01,Lagos,Product B,4198,3538,660,6994020
2025-12-01,Lagos,Product C,2253,1162,1091,5471365
2025-12-01,Lagos,Product D,940,194,746,6729666
2025-12-01,Abuja,Product A,3301,3185,116,796224
2025-12-01,Abuja,Product B,1847,506,1341,10355202
2025-12-01,Abuja,Product C,3933,2072,1861,18219190
2025-12-01,Abuja,Product D,4886,1416,3470,46546580
2025-12-01,Port Harcourt,Product A,4078,1552,2526,33727152
2025-12-01,Port Harcourt,Product B,3687,3471,216,466992
2025-12-01,Port Harcourt,Product C,2126,259,1867,25841147
2025-12-01,Port Harcourt,Product D,1684,763,921,11862480
2025-12-01,Kano,Product A,3092,158,2934,13100310
2025-12-01,Kano,Product B,4257,1308,2949,30026718
2025-12-01,Kano,Product C,3092,565,2527,37844352
2025-12-01,Kano,Product D,3829,1176,2653,27938743
2025-12-01,Ibadan,Product A,530,330,200,811800
2025-12-01,Ibadan,Product B,4180,2717,1463,16789388
2025-12-01,Ibadan,Product C,1298,174,1124,6273044
2025-12-01,Ibadan,Product D,2037,960,1077,14442570
