Date,Branch,Product,Revenue,Target,Cost,Profit
2021-01-01,Lagos,Product A,12727801,13647590.99,8559002.61,4168798.39
2021-01-01,Lagos,Product B,6108603,6686734.31,4098514.43,2010088.57
2021-01-01,Lagos,Product C,13353133,15998836.63,8193615.41,5159517.59
2021-01-01,Lagos,Product D,11906820,13506910.43,5464506.04,6442313.96
2021-01-01,Abuja,Product A,5668136,6215293.52,3574358.41,2093777.59
2021-01-01,Abuja,Product B,11416129,12440926.7,7363007.42,4053121.58
2021-01-01,Abuja,Product C,11142600,12634638.31,6515777.02,4626822.98
2021-01-01,Abuja,Product D,6667265,8079965.72,3013267.94,3653997.06
2021-01-01,Port Harcourt,Product A,4678638,5565838.2,2582959.8,2095678.2
2021-01-01,Port Harcourt,Product B,4608513,5037393.9,3129402.64,1479110.36
2021-01-01,Port Harcourt,Product C,3714803,3969449.66,1779446.04,1935356.96
2021-01-01,Port Harcourt,Product D,7770619,9097414.94,5378344.44,2392274.56
2021-01-01,Kano,Product A,14242867,16263715.84,6942654.88,7300212.12
2021-01-01,Kano,Product B,8350753,8899898.85,4492316.67,3858436.33
2021-01-01,Kano,Product C,12546825,14726258.07,8889576.95,3657248.05
2021-01-01,Kano,Product D,11686361,12720109.83,5502716.42,6183644.58
2021-01-01,Ibadan,Product A,13094157,14345692.01,7029158.08,6064998.92
2021-01-01,Ibadan,Product B,3338687,4076748.98,2370284.48,968402.52
2021-01-01,Ibadan,Product C,8377459,9262074.44,5367482.66,3009976.34
2021-01-01,Ibadan,Product D,8120868,8791089.89,4519922.54,3600945.46
2021-02-01,Lagos,Product A,13243673,14613010.04,9681076.97,3562596.03
2021-02-01,Lagos,Product B,12872229,13699662.34,8244578.83,4627650.17
2021-02-01,Lagos,Product C,10961380,13107896.18,5469956.05,5491423.95
2021-02-01,Lagos,Product D,8366205,9236203.02,6087395.94,2278809.06
2021-02-01,Abuja,Product A,13545441,15731539.03,8877469.03,4667971.97
2021-02-01,Abuja,Product B,14890162,17945622.98,7723741.77,7166420.23
2021-02-01,Abuja,Product C,2538552,3074209.73,1447861.7,1090690.3
2021-02-01,Abuja,Product D,3110460,3397233.74,2279571.89,830888.11
2021-02-01,Port Harcourt,Product A,14044602,15630737.22,9081683.46,4962918.54
2021-02-01,Port Harcourt,Product B,8637601,10597789.07,5552729.84,3084871.16
2021-02-01,Port Harcourt,Product C,4396987,4849771.28,2303969.53,2093017.47
2021-02-01,Port Harcourt,Product D,11418194,13219933.15,7697051.89,3721142.11
2021-02-01,Kano,Product A,9187926,11297148.34,5235465.39,3952460.61
2021-02-01,Kano,Product B,5679591,7096451.05,2791516.27,2888074.73
2021-02-01,Kano,Product C,10279821,10980718.55,4771223.82,5508597.18
2021-02-01,Kano,Product D,3839607,4148957.47,1912103.55,1927503.45
2021-02-01,Ibadan,Product A,13416580,15220197.59,6293158.37,7123421.63
2021-02-01,Ibadan,Product B,8402509,9824026.03,4960967.07,3441541.93
2021-02-01,Ibadan,Product C,6218028,7736567.91,4403818.29,1814209.71
2021-02-01,Ibadan,Product D,2192619,2600570.42,1062029.05,1130589.95
2021-03-01,Lagos,Product A,11008867,13212573.12,7492410.52,3516456.48
2021-03-01,Lagos,Product B,7707197,8264507.77,4473485.08,3233711.92
2021-03-01,Lagos,Product C,9612220,10099069.94,6407771.33,3204448.67
2021-03-01,Lagos,Product D,14074238,15519349.94,8447017.53,5627220.47
2021-03-01,Abuja,Product A,4997281,5754550.65,2408305.88,2588975.12
2021-03-01,Abuja,Product B,12490796,13860898.4,8015154.54,4475641.46
2021-03-01,Abuja,Product C,12216824,13313677.58,6867982.72,5348841.28
2021-03-01,Abuja,Product D,4710343,5453992.2,3219933.68,1490409.32
2021-03-01,Port Harcourt,Product A,10897858,13444673.24,6862200.01,4035657.99
2021-03-01,Port Harcourt,Product B,10197443,10747037.74,7431178.4,2766264.6
2021-03-01,Port Harcourt,Product C,7159230,7860050.33,3738990.04,3420239.96
2021-03-01,Port Harcourt,Product D,11518669,14276121.89,5479385.18,6039283.82
2021-03-01,Kano,Product A,10153566,12318353.49,7548113.73,2605452.27
2021-03-01,Kano,Product B,10937326,13159428.46,5343074.49,5594251.51
2021-03-01,Kano,Product C,9973915,12361368.4,4982350.43,4991564.57
2021-03-01,Kano,Product D,10852897,13289227.04,6261485.39,4591411.61
2021-03-01,Ibadan,Product A,5553384,6862775.87,3757306.1,1796077.9
2021-03-01,Ibadan,Product B,13574058,14798848.14,7377702.61,6196355.39
2021-03-01,Ibadan,Product C,13269037,15657140.05,7715016.52,5554020.48
2021-03-01,Ibadan,Product D,10683481,12182343.77,5602114.92,5081366.08
2021-04-01,Lagos,Product A,3074176,3435751.7,1925948.56,1148227.44
2021-04-01,Lagos,Product B,5860684,6843450.51,2649950.77,3210733.23
2021-04-01,Lagos,Product C,13875600,16320766.44,7197031.38,6678568.62
2021-04-01,Lagos,Product D,2527021,3087835.39,1190876.85,1336144.15
2021-04-01,Abuja,Product A,5993055,6626493.66,3569609.49,2423445.51
2021-04-01,Abuja,Product B,11046844,11891511.87,8071423.76,2975420.24
2021-04-01,Abuja,Product C,11580513,13494103.95,6055440.67,5525072.33
2021-04-01,Abuja,Product D,9935169,12036451.28,5038352.45,4896816.55
2021-04-01,Port Harcourt,Product A,3626229,4285464.92,2017232.28,1608996.72
2021-04-01,Port Harcourt,Product B,8897151,10173046.35,5949727.33,2947423.67
2021-04-01,Port Harcourt,Product C,13297182,15699864.41,8561442.83,4735739.17
2021-04-01,Port Harcourt,Product D,3016911,3410691.06,1664703.68,1352207.32
2021-04-01,Kano,Product A,3833230,4215522.88,1943687.85,1889542.15
2021-04-01,Kano,Product B,9526486,10269899.24,4811317.56,4715168.44
2021-04-01,Kano,Product C,9761611,10737394.22,7096492.84,2665118.16
2021-04-01,Kano,Product D,9434500,11430882.17,6668210.89,2766289.11
2021-04-01,Ibadan,Product A,3642635,3861621.71,2731192.14,911442.86
2021-04-01,Ibadan,Product B,2247595,2795556.98,1636047.09,611547.91
2021-04-01,Ibadan,Product C,5965789,6462513.85,3553774.8,2412014.2
2021-04-01,Ibadan,Product D,5586084,6831390.15,4026074.3,1560009.7
2021-05-01,Lagos,Product A,4762152,5361205.12,3550625.54,1211526.46
2021-05-01,Lagos,Product B,6449368,7966927.6,4421292.04,2028075.96
2021-05-01,Lagos,Product C,6785687,7699050.63,5002376.51,1783310.49
2021-05-01,Lagos,Product D,11324245,13389495.83,6749266.14,4574978.86
2021-05-01,Abuja,Product A,5185957,5752997.65,3840786.18,1345170.82
2021-05-01,Abuja,Product B,11717032,14027014.81,5486936.94,6230095.06
2021-05-01,Abuja,Product C,7261415,7707505.9,4540223.53,2721191.47
2021-05-01,Abuja,Product D,10436429,12877274.15,6359311.11,4077117.89
2021-05-01,Port Harcourt,Product A,2954280,3669675.98,1400427.51,1553852.49
2021-05-01,Port Harcourt,Product B,5117625,5443639.55,2407270.71,2710354.29
2021-05-01,Port Harcourt,Product C,5946066,6723544.52,4355367.52,1590698.48
2021-05-01,Port Harcourt,Product D,11557567,12704575.43,7262263.63,4295303.37
2021-05-01,Kano,Product A,12391497,13214251.27,8019924.93,4371572.07
2021-05-01,Kano,Product B,11482934,13257696.58,8387271.38,3095662.62
2021-05-01,Kano,Product C,5426900,6425152.18,2953618.32,2473281.68
2021-05-01,Kano,Product D,6456272,7290145.82,4206306.83,2249965.17
2021-05-01,Ibadan,Product A,7033115,8027913.35,5125069.58,1908045.42
2021-05-01,Ibadan,Product B,3217071,3383918.25,2047175.98,1169895.02
2021-05-01,Ibadan,Product C,11445465,14297895.66,5402010.16,6043454.84
2021-05-01,Ibadan,Product D,5576135,6419118.02,2730839.47,2845295.53
2021-06-01,Lagos,Product A,7855396,9632073.18,5607032.98,2248363.02
2021-06-01,Lagos,Product B,8199635,9076975.27,4767721.82,3431913.18
2021-06-01,Lagos,Product C,11113685,13233153.47,7040556.45,4073128.55
2021-06-01,Lagos,Product D,12971901,14992769.31,8436392.06,4535508.94
2021-06-01,Abuja,Product A,11304682,12546792.42,7336926.44,3967755.56
2021-06-01,Abuja,Product B,4253031,4690638.9,3049056.67,1203974.33
2021-06-01,Abuja,Product C,14455685,16777914.59,7686152.24,6769532.76
2021-06-01,Abuja,Product D,12147360,13266446.85,6715839.09,5431520.91
2021-06-01,Port Harcourt,Product A,13534287,15927793.06,7162279.32,6372007.68
2021-06-01,Port Harcourt,Product B,10196204,11218110.9,7366224.27,2829979.73
2021-06-01,Port Harcourt,Product C,2852264,3047529.12,1645963.78,1206300.22
2021-06-01,Port Harcourt,Product D,6641923,7032583.33,3653502.4,2988420.6
2021-06-01,Kano,Product A,4194789,4939039.69,2217309.17,1977479.83
2021-06-01,Kano,Product B,14435791,16433229.57,9552166.28,4883624.72
2021-06-01,Kano,Product C,11410455,12003044.88,5392274.75,6018180.25
2021-06-01,Kano,Product D,13593385,16730544.07,8341948.91,5251436.09
2021-06-01,Ibadan,Product A,8194416,9558801.94,4051549.83,4142866.17
2021-06-01,Ibadan,Product B,4138181,4379709.13,2314879.64,1823301.36
2021-06-01,Ibadan,Product C,2669324,3282694.42,1369424.5,1299899.5
2021-06-01,Ibadan,Product D,6186414,7320919.94,3440287.04,2746126.96
2021-07-01,Lagos,Product A,11393286,13977590.2,6515970.85,4877315.15
2021-07-01,Lagos,Product B,12412972,14894269.52,9033281.52,3379690.48
2021-07-01,Lagos,Product C,5971793,7303031.9,4436216.96,1535576.04
2021-07-01,Lagos,Product D,4970445,6095173.4,2273660.02,2696784.98
2021-07-01,Abuja,Product A,14357501,17730041.5,9830809.92,4526691.08
2021-07-01,Abuja,Product B,8907400,10781935.86,6317299.18,2590100.82
2021-07-01,Abuja,Product C,6163555,6800627.08,4229507.58,1934047.42
2021-07-01,Abuja,Product D,3813543,4295988.01,1760397.74,2053145.26
2021-07-01,Port Harcourt,Product A,9896868,10831990.83,6878085.55,3018782.45
2021-07-01,Port Harcourt,Product B,9722606,10888654.52,6768498.28,2954107.72
2021-07-01,Port Harcourt,Product C,5818418,6368751.38,3770392.79,2048025.21
2021-07-01,Port Harcourt,Product D,8685149,9689607.24,6160427.28,2524721.72
2021-07-01,Kano,Product A,14974268,16558919.89,9620136.44,5354131.56
2021-07-01,Kano,Product B,8705490,10323872.14,6120815.65,2584674.35
2021-07-01,Kano,Product C,7555772,9352892.94,3661546.19,3894225.81
2021-07-01,Kano,Product D,6382463,6929526.65,4715110.25,1667352.75
2021-07-01,Ibadan,Product A,6453786,6825856.05,4059246.66,2394539.34
2021-07-01,Ibadan,Product B,7799667,9326132.12,4243823.73,3555843.27
2021-07-01,Ibadan,Product C,12170496,15174748.49,5898963.17,6271532.83
2021-07-01,Ibadan,Product D,11673542,12700997.61,5408538.32,6265003.68
2021-08-01,Lagos,Product A,9315831,9784773.68,6778874.5,2536956.5
2021-08-01,Lagos,Product B,11033725,13101129.82,8077557.66,2956167.34
2021-08-01,Lagos,Product C,14365440,17010486.71,8034108.51,6331331.49
2021-08-01,Lagos,Product D,3173965,3935002.13,2305032.59,868932.41
2021-08-01,Abuja,Product A,12454812,13859504.67,8773226.66,3681585.34
2021-08-01,Abuja,Product B,14075472,17312962.41,8475358.98,5600113.02
2021-08-01,Abuja,Product C,13188606,14925262.93,7527002.75,5661603.25
2021-08-01,Abuja,Product D,6960271,8080056.77,3532699.66,3427571.34
2021-08-01,Port Harcourt,Product A,13155664,16287668.9,8593218.99,4562445.01
2021-08-01,Port Harcourt,Product B,4919694,5771307.71,2658036.69,2261657.31
2021-08-01,Port Harcourt,Product C,11192860,13618856.82,6057155.93,5135704.07
2021-08-01,Port Harcourt,Product D,5526280,6277730.46,3448373.49,2077906.51
2021-08-01,Kano,Product A,12984137,14470169.48,7563724.7,5420412.3
2021-08-01,Kano,Product B,13335144,14571848.99,7893816.58,5441327.42
2021-08-01,Kano,Product C,14347384,15551678.72,6821301.04,7526082.96
2021-08-01,Kano,Product D,10647849,12593964.53,6769670.71,3878178.29
2021-08-01,Ibadan,Product A,3566777,4328942.65,2408792.32,1157984.68
2021-08-01,Ibadan,Product B,13287638,14776968.19,9194631.83,4093006.17
2021-08-01,Ibadan,Product C,4472189,4717645.44,2340979.69,2131209.31
2021-08-01,Ibadan,Product D,9971465,11689097.66,6786048.61,3185416.39
2021-09-01,Lagos,Product A,9640615,10921739.0,6159674.42,3480940.58
2021-09-01,Lagos,Product B,5262081,6281183.93,2974094.19,2287986.81
2021-09-01,Lagos,Product C,8705062,9565095.03,5630585.6,3074476.4
2021-09-01,Lagos,Product D,2093026,2571349.35,1482139.04,610886.96
2021-09-01,Abuja,Product A,3788238,4567418.25,1953413.79,1834824.21
2021-09-01,Abuja,Product B,13675462,15775897.41,6359985.79,7315476.21
2021-09-01,Abuja,Product C,6180853,7624045.11,3006413.75,3174439.25
2021-09-01,Abuja,Product D,4237058,5128040.62,2755245.77,1481812.23
2021-09-01,Port Harcourt,Product A,11377210,13300987.71,8362384.54,3014825.46
2021-09-01,Port Harcourt,Product B,9425149,11051274.34,6275096.33,3150052.67
2021-09-01,Port Harcourt,Product C,10468772,11885700.94,7559044.02,2909727.98
2021-09-01,Port Harcourt,Product D,9481188,11656567.14,6381755.72,3099432.28
2021-09-01,Kano,Product A,9963715,11358774.11,6730818.64,3232896.36
2021-09-01,Kano,Product B,12698183,14037362.21,8676699.56,4021483.44
2021-09-01,Kano,Product C,10130188,11906513.3,5393101.73,4737086.27
2021-09-01,Kano,Product D,3299954,3935884.74,1717124.71,1582829.29
2021-09-01,Ibadan,Product A,7634586,8504485.34,4672715.28,2961870.72
2021-09-01,Ibadan,Product B,4321531,4667971.42,2441278.62,1880252.38
2021-09-01,Ibadan,Product C,4563646,5436597.68,2141576.02,2422069.98
2021-09-01,Ibadan,Product D,8838382,9865192.33,5212676.99,3625705.01
2021-10-01,Lagos,Product A,3044645,3322824.71,1753846.61,1290798.39
2021-10-01,Lagos,Product B,14915029,17403092.73,9823886.7,5091142.3
2021-10-01,Lagos,Product C,14844545,17295944.5,8804209.38,6040335.62
2021-10-01,Lagos,Product D,7901533,8768509.2,4480137.56,3421395.44
2021-10-01,Abuja,Product A,9030010,10453537.92,6053630.37,2976379.63
2021-10-01,Abuja,Product B,12120898,14903398.85,7229738.01,4891159.99
2021-10-01,Abuja,Product C,6579094,7481529.87,3017879.41,3561214.59
2021-10-01,Abuja,Product D,7639317,9043230.37,5266871.32,2372445.68
2021-10-01,Port Harcourt,Product A,14149747,15324302.59,8351421.86,5798325.14
2021-10-01,Port Harcourt,Product B,4141239,5160581.77,2527137.63,1614101.37
2021-10-01,Port Harcourt,Product C,8610562,10060395.99,5587393.05,3023168.95
2021-10-01,Port Harcourt,Product D,3408404,4016974.29,1672537.4,1735866.6
2021-10-01,Kano,Product A,9746014,10587541.43,5146352.42,4599661.58
2021-10-01,Kano,Product B,7492066,8183823.86,4106054.8,3386011.2
2021-10-01,Kano,Product C,14771315,18108568.61,7880156.59,6891158.41
2021-10-01,Kano,Product D,9072684,9984074.18,4305640.61,4767043.39
2021-10-01,Ibadan,Product A,2325197,2789782.64,1082671.44,1242525.56
2021-10-01,Ibadan,Product B,7871360,8617914.68,3704147.97,4167212.03
2021-10-01,Ibadan,Product C,12934628,13685504.21,5940991.05,6993636.95
2021-10-01,Ibadan,Product D,6148725,6701324.05,2804519.59,3344205.41
2021-11-01,Lagos,Product A,4556551,5001766.99,2697789.49,1858761.51
2021-11-01,Lagos,Product B,3919136,4557147.5,2019881.0,1899255.0
2021-11-01,Lagos,Product C,13735074,15125732.93,7700824.06,6034249.94
2021-11-01,Lagos,Product D,12165192,14250908.07,8203934.15,3961257.85
2021-11-01,Abuja,Product A,3921542,4727647.81,1957358.25,1964183.75
2021-11-01,Abuja,Product B,7218367,7735344.64,3303872.04,3914494.96
2021-11-01,Abuja,Product C,7233774,8428499.38,5225735.09,2008038.91
2021-11-01,Abuja,Product D,8296605,9369612.29,5513130.62,2783474.38
2021-11-01,Port Harcourt,Product A,3275009,3826584.61,2289792.92,985216.08
2021-11-01,Port Harcourt,Product B,6074336,6501849.35,4141143.73,1933192.27
2021-11-01,Port Harcourt,Product C,13479961,15772664.08,6555527.72,6924433.28
2021-11-01,Port Harcourt,Product D,11494772,13868753.57,6369955.84,5124816.16
2021-11-01,Kano,Product A,9186990,10861817.49,4324196.95,4862793.05
2021-11-01,Kano,Product B,12863973,14385089.37,9067463.23,3796509.77
2021-11-01,Kano,Product C,10224219,10951240.46,7547889.3,2676329.7
2021-11-01,Kano,Product D,12663348,15554580.34,7445058.4,5218289.6
2021-11-01,Ibadan,Product A,4566765,5192856.74,3060365.46,1506399.54
2021-11-01,Ibadan,Product B,12912864,14256014.65,8941638.78,3971225.22
2021-11-01,Ibadan,Product C,11029043,13289205.92,6501203.2,4527839.8
2021-11-01,Ibadan,Product D,14264584,16668093.99,7798325.04,6466258.96
2021-12-01,Lagos,Product A,6118725,7441264.18,2912506.18,3206218.82
2021-12-01,Lagos,Product B,9563202,10507785.17,5636671.18,3926530.82
2021-12-01,Lagos,Product C,12239666,14487330.04,6743064.38,5496601.62
2021-12-01,Lagos,Product D,10293086,12559526.45,5193396.69,5099689.31
2021-12-01,Abuja,Product A,5558780,6231197.79,2932288.26,2626491.74
2021-12-01,Abuja,Product B,6691890,8204685.39,4419023.86,2272866.14
2021-12-01,Abuja,Product C,6635017,7704304.43,4014106.83,2620910.17
2021-12-01,Abuja,Product D,5205394,5554793.54,3466909.0,1738485.0
2021-12-01,Port Harcourt,Product A,10196976,11839048.5,5323812.42,4873163.58
2021-12-01,Port Harcourt,Product B,9987516,11777084.91,5965007.98,4022508.02
2021-12-01,Port Harcourt,Product C,2289293,2446362.93,1182371.58,1106921.42
2021-12-01,Port Harcourt,Product D,13606262,14948669.86,8833022.1,4773239.9
2021-12-01,Kano,Product A,8191135,9375999.86,4990666.71,3200468.29
2021-12-01,Kano,Product B,9138769,11417304.4,5621407.98,3517361.02
2021-12-01,Kano,Product C,7902401,9408369.37,4198347.52,3704053.48
2021-12-01,Kano,Product D,6217853,6815435.98,4143485.83,2074367.17
2021-12-01,Ibadan,Product A,7294016,7833123.64,4454887.3,2839128.7
2021-12-01,Ibadan,Product B,14787419,17567937.48,7504057.54,7283361.46
2021-12-01,Ibadan,Product C,14391729,16505006.42,9604687.34,4787041.66
2021-12-01,Ibadan,Product D,14754172,17039997.12,7892000.86,6862171.14
2022-01-01,Lagos,Product A,3686548,4484780.29,1986584.64,1699963.36
2022-01-01,Lagos,Product B,8054579,8746373.17,3658748.29,4395830.71
2022-01-01,Lagos,Product C,10961299,11786866.68,5082257.91,5879041.09
2022-01-01,Lagos,Product D,2914794,3383119.18,1921505.71,993288.29
2022-01-01,Abuja,Product A,4118618,4849977.19,2783517.12,1335100.88
2022-01-01,Abuja,Product B,3721135,4556693.34,2315361.89,1405773.11
2022-01-01,Abuja,Product C,9875173,11314408.78,5453186.86,4421986.14
2022-01-01,Abuja,Product D,2861958,3149572.41,2027745.58,834212.42
2022-01-01,Port Harcourt,Product A,3914064,4753329.85,2231847.17,1682216.83
2022-01-01,Port Harcourt,Product B,3242892,3779280.06,2127127.35,1115764.65
2022-01-01,Port Harcourt,Product C,4545556,4908471.0,2813025.87,1732530.13
2022-01-01,Port Harcourt,Product D,7097514,7573304.24,3722342.93,3375171.07
2022-01-01,Kano,Product A,11362911,13668317.12,7180170.0,4182741.0
2022-01-01,Kano,Product B,12375338,13552695.82,7509005.63,4866332.37
2022-01-01,Kano,Product C,9558378,11773062.55,5153934.19,4404443.81
2022-01-01,Kano,Product D,11873813,14818592.86,6431024.22,5442788.78
2022-01-01,Ibadan,Product A,12419109,13189665.79,9165707.72,3253401.28
2022-01-01,Ibadan,Product B,3664863,4542663.8,1877642.61,1787220.39
2022-01-01,Ibadan,Product C,5540415,6110685.62,2628130.43,2912284.57
2022-01-01,Ibadan,Product D,6024269,6534902.36,2846584.34,3177684.66
2022-02-01,Lagos,Product A,2044891,2314210.33,1343107.6,701783.4
2022-02-01,Lagos,Product B,9883823,10953765.2,5134081.39,4749741.61
2022-02-01,Lagos,Product C,13860750,15337525.24,9811775.7,4048974.3
2022-02-01,Lagos,Product D,3194198,3793036.61,2322735.54,871462.46
2022-02-01,Abuja,Product A,12486733,14583978.68,8630476.53,3856256.47
2022-02-01,Abuja,Product B,5318855,6037048.25,3262419.25,2056435.75
2022-02-01,Abuja,Product C,12865507,13892147.19,6814727.08,6050779.92
2022-02-01,Abuja,Product D,4386328,4668289.79,2192185.13,2194142.87
2022-02-01,Port Harcourt,Product A,7160869,8371118.93,4993074.1,2167794.9
2022-02-01,Port Harcourt,Product B,6842082,7785130.88,4040997.88,2801084.12
2022-02-01,Port Harcourt,Product C,7101803,8450767.31,5204221.64,1897581.36
2022-02-01,Port Harcourt,Product D,10396529,12039142.25,6043789.87,4352739.13
2022-02-01,Kano,Product A,12033390,12730991.57,6974656.32,5058733.68
2022-02-01,Kano,Product B,7407658,8672461.74,3390925.58,4016732.42
2022-02-01,Kano,Product C,5840714,7256399.23,4093099.85,1747614.15
2022-02-01,Kano,Product D,11650239,13600775.45,5315114.41,6335124.59
2022-02-01,Ibadan,Product A,14830550,17566138.63,7872846.52,6957703.48
2022-02-01,Ibadan,Product B,2674975,3216983.25,1344328.0,1330647.0
2022-02-01,Ibadan,Product C,10706768,12637218.59,7760499.24,2946268.76
2022-02-01,Ibadan,Product D,5044882,6303020.56,2929893.4,2114988.6
2022-03-01,Lagos,Product A,10249789,12748800.79,6057657.26,4192131.74
2022-03-01,Lagos,Product B,8850944,9883509.99,5762319.05,3088624.95
2022-03-01,Lagos,Product C,4698193,5242998.9,3091890.69,1606302.31
2022-03-01,Lagos,Product D,6835492,8083083.49,3897157.86,2938334.14
2022-03-01,Abuja,Product A,14759068,17120804.05,8655422.55,6103645.45
2022-03-01,Abuja,Product B,7276722,8007885.35,3527583.68,3749138.32
2022-03-01,Abuja,Product C,14961203,16918652.17,9042235.05,5918967.95
2022-03-01,Abuja,Product D,2019311,2385880.72,1237389.51,781921.49
2022-03-01,Port Harcourt,Product A,8933143,9476642.72,5409302.32,3523840.68
2022-03-01,Port Harcourt,Product B,12446062,14951312.78,7935890.69,4510171.31
2022-03-01,Port Harcourt,Product C,14750525,15640311.41,7819502.17,6931022.83
2022-03-01,Port Harcourt,Product D,4198037,5186819.76,2440884.92,1757152.08
2022-03-01,Kano,Product A,13714691,15729960.05,6290391.59,7424299.41
2022-03-01,Kano,Product B,12570019,14729225.63,6558900.64,6011118.36
2022-03-01,Kano,Product C,4657144,5179442.83,2114819.99,2542324.01
2022-03-01,Kano,Product D,8844947,9452080.44,6613164.69,2231782.31
2022-03-01,Ibadan,Product A,3903561,4458997.05,1894163.33,2009397.67
2022-03-01,Ibadan,Product B,4583206,5269197.82,3047744.9,1535461.1
2022-03-01,Ibadan,Product C,10537455,12550976.41,6055317.99,4482137.01
2022-03-01,Ibadan,Product D,10094999,12578862.67,5280888.53,4814110.47
2022-04-01,Lagos,Product A,11248693,12136534.27,5705147.11,5543545.89
2022-04-01,Lagos,Product B,12055887,13884140.3,8605466.54,3450420.46
2022-04-01,Lagos,Product C,3171218,3504987.05,2178632.65,992585.35
2022-04-01,Lagos,Product D,8961578,10018820.6,6150467.39,2811110.61
2022-04-01,Abuja,Product A,6482413,7870361.76,3467129.58,3015283.42
2022-04-01,Abuja,Product B,7008935,8533344.61,4373414.34,2635520.66
2022-04-01,Abuja,Product C,13071968,15005678.99,6465115.97,6606852.03
2022-04-01,Abuja,Product D,11035882,12656702.98,6066777.34,4969104.66
2022-04-01,Port Harcourt,Product A,14798879,17147254.1,8681072.52,6117806.48
2022-04-01,Port Harcourt,Product B,7398528,9055208.88,5506224.17,1892303.83
2022-04-01,Port Harcourt,Product C,6006492,6993716.19,3123788.69,2882703.31
2022-04-01,Port Harcourt,Product D,8891662,9413864.51,5987747.85,2903914.15
2022-04-01,Kano,Product A,13831760,17050217.37,7806221.32,6025538.68
2022-04-01,Kano,Product B,13134850,15873186.87,8479934.03,4654915.97
2022-04-01,Kano,Product C,4551903,5230435.74,2098909.25,2452993.75
2022-04-01,Kano,Product D,10427047,12961556.8,5730688.46,4696358.54
2022-04-01,Ibadan,Product A,3683838,4512105.04,2144332.12,1539505.88
2022-04-01,Ibadan,Product B,10823994,13336116.75,4920633.99,5903360.01
2022-04-01,Ibadan,Product C,4418526,5001752.54,2856287.19,1562238.81
2022-04-01,Ibadan,Product D,4589751,4887927.16,3141489.9,1448261.1
2022-05-01,Lagos,Product A,6446344,7205157.64,4240478.44,2205865.56
2022-05-01,Lagos,Product B,12902449,13754824.32,7077892.28,5824556.72
2022-05-01,Lagos,Product C,13313841,16267762.09,7509043.86,5804797.14
2022-05-01,Lagos,Product D,7312692,8595044.47,5237581.13,2075110.87
2022-05-01,Abuja,Product A,10186400,12473008.47,4693584.78,5492815.22
2022-05-01,Abuja,Product B,3147909,3453111.52,2062887.32,1085021.68
2022-05-01,Abuja,Product C,6821419,8523261.98,4597840.43,2223578.57
2022-05-01,Abuja,Product D,9280833,11560832.46,6293434.09,2987398.91
2022-05-01,Port Harcourt,Product A,13809328,16909740.97,8052268.39,5757059.61
2022-05-01,Port Harcourt,Product B,13643407,15142724.87,6258014.88,7385392.12
2022-05-01,Port Harcourt,Product C,7442103,8999204.48,4003928.31,3438174.69
2022-05-01,Port Harcourt,Product D,8288789,9417202.83,4337185.35,3951603.65
2022-05-01,Kano,Product A,8913081,10367567.58,6130023.53,2783057.47
2022-05-01,Kano,Product B,4851852,5264326.72,3070482.58,1781369.42
2022-05-01,Kano,Product C,8418028,9882277.25,4396306.18,4021721.82
2022-05-01,Kano,Product D,11783753,12710233.42,6932911.85,4850841.15
2022-05-01,Ibadan,Product A,6261032,7149560.72,4069997.72,2191034.28
2022-05-01,Ibadan,Product B,9805654,12063326.26,6405869.67,3399784.33
2022-05-01,Ibadan,Product C,4650391,4951607.89,3411390.54,1239000.46
2022-05-01,Ibadan,Product D,11857817,13160171.12,8758287.06,3099529.94
2022-06-01,Lagos,Product A,13581538,14939958.61,9555850.31,4025687.69
2022-06-01,Lagos,Product B,5342306,6677213.18,3771671.44,1570634.56
2022-06-01,Lagos,Product C,3789344,4158582.0,2355368.35,1433975.65
2022-06-01,Lagos,Product D,11643743,12914942.56,7682352.12,3961390.88
2022-06-01,Abuja,Product A,2368085,2949660.38,1533261.5,834823.5
2022-06-01,Abuja,Product B,6605016,6945964.24,4686392.4,1918623.6
2022-06-01,Abuja,Product C,14493469,18040318.9,10481460.63,4012008.37
2022-06-01,Abuja,Product D,14501914,16667708.98,10459455.98,4042458.02
2022-06-01,Port Harcourt,Product A,6801541,8196864.87,3530241.35,3271299.65
2022-06-01,Port Harcourt,Product B,7910964,8653019.6,4011172.0,3899792.0
2022-06-01,Port Harcourt,Product C,6204819,7356141.11,4134137.58,2070681.42
2022-06-01,Port Harcourt,Product D,13059231,15490481.34,6412523.45,6646707.55
2022-06-01,Kano,Product A,3630140,4467543.38,2337455.07,1292684.93
2022-06-01,Kano,Product B,7183033,8675107.68,3304262.41,3878770.59
2022-06-01,Kano,Product C,8121355,9716973.48,3874211.29,4247143.71
2022-06-01,Kano,Product D,6951131,7752901.04,3994473.88,2956657.12
2022-06-01,Ibadan,Product A,5368777,5779123.15,3284737.64,2084039.36
2022-06-01,Ibadan,Product B,8138070,9408996.26,5892337.78,2245732.22
2022-06-01,Ibadan,Product C,4760597,5243293.05,3320073.4,1440523.6
2022-06-01,Ibadan,Product D,10084065,12539301.03,5430696.92,4653368.08
2022-07-01,Lagos,Product A,7682698,9302568.04,4536628.69,3146069.31
2022-07-01,Lagos,Product B,3263313,3518345.49,2414688.66,848624.34
2022-07-01,Lagos,Product C,13346829,15947369.77,9929809.51,3417019.49
2022-07-01,Lagos,Product D,11350154,12747982.33,7799877.93,3550276.07
2022-07-01,Abuja,Product A,2233516,2463326.29,1087893.43,1145622.57
2022-07-01,Abuja,Product B,8183841,9694297.15,5333427.51,2850413.49
2022-07-01,Abuja,Product C,11807290,13297430.21,7575141.42,4232148.58
2022-07-01,Abuja,Product D,8232293,8822295.02,4281998.97,3950294.03
2022-07-01,Port Harcourt,Product A,2419843,2840676.38,1773625.72,646217.28
2022-07-01,Port Harcourt,Product B,7503032,9251622.47,3874641.96,3628390.04
2022-07-01,Port Harcourt,Product C,3060605,3602579.33,1803554.11,1257050.89
2022-07-01,Port Harcourt,Product D,13762123,15281984.82,7878660.69,5883462.31
2022-07-01,Kano,Product A,4345069,4601729.45,2003787.83,2341281.17
2022-07-01,Kano,Product B,10264869,11016504.75,5342248.52,4922620.48
2022-07-01,Kano,Product C,11018535,11868425.56,6457887.63,4560647.37
2022-07-01,Kano,Product D,13248892,16426985.25,8730293.76,4518598.24
2022-07-01,Ibadan,Product A,11062926,12543425.95,7441816.85,3621109.15
2022-07-01,Ibadan,Product B,4592464,5635333.39,2968920.37,1623543.63
2022-07-01,Ibadan,Product C,10209880,11977521.05,7470731.73,2739148.27
2022-07-01,Ibadan,Product D,6693260,7071718.72,3755983.01,2937276.99
2022-08-01,Lagos,Product A,9438733,10750142.75,4916011.1,4522721.9
2022-08-01,Lagos,Product B,8084862,8649758.79,5301277.0,2783585.0
2022-08-01,Lagos,Product C,11134621,13699361.17,7164550.09,3970070.91
2022-08-01,Lagos,Product D,3015861,3406800.81,1528868.32,1486992.68
2022-08-01,Abuja,Product A,4049499,5020577.6,2823542.84,1225956.16
2022-08-01,Abuja,Product B,3538024,4183903.54,2273220.54,1264803.46
2022-08-01,Abuja,Product C,12018446,14953574.81,5590663.23,6427782.77
2022-08-01,Abuja,Product D,7595355,8345121.2,3704840.73,3890514.27
2022-08-01,Port Harcourt,Product A,11472046,12516473.86,8018333.22,3453712.78
2022-08-01,Port Harcourt,Product B,11298063,12331061.55,5816077.94,5481985.06
2022-08-01,Port Harcourt,Product C,5909069,6592818.66,2920653.4,2988415.6
2022-08-01,Port Harcourt,Product D,11998912,12605662.31,8489492.27,3509419.73
2022-08-01,Kano,Product A,4427461,5523281.78,2709892.31,1717568.69
2022-08-01,Kano,Product B,4927575,5282287.81,3498254.84,1429320.16
2022-08-01,Kano,Product C,4211291,4434371.78,2893137.54,1318153.46
2022-08-01,Kano,Product D,5991829,6997081.65,2724690.32,3267138.68
2022-08-01,Ibadan,Product A,6452128,6842351.43,4339155.55,2112972.45
2022-08-01,Ibadan,Product B,10826250,11613641.66,5078241.06,5748008.94
2022-08-01,Ibadan,Product C,9520810,11478320.98,5750296.82,3770513.18
2022-08-01,Ibadan,Product D,3829622,4367305.08,1977865.45,1851756.55
2022-09-01,Lagos,Product A,12319780,13042618.54,8438656.28,3881123.72
2022-09-01,Lagos,Product B,13054559,15068750.08,7668414.49,5386144.51
2022-09-01,Lagos,Product C,2522621,2679439.94,1497666.4,1024954.6
2022-09-01,Lagos,Product D,8738019,9919877.35,4215120.31,4522898.69
2022-09-01,Abuja,Product A,13952110,17188164.71,6586054.67,7366055.33
2022-09-01,Abuja,Product B,3355439,3739376.26,1659265.08,1696173.92
2022-09-01,Abuja,Product C,4117143,4549456.19,2634654.57,1482488.43
2022-09-01,Abuja,Product D,11199894,13355095.87,6319778.97,4880115.03
2022-09-01,Port Harcourt,Product A,12022572,13899432.16,7046605.28,4975966.72
2022-09-01,Port Harcourt,Product B,12157376,13811263.79,8363409.42,3793966.58
2022-09-01,Port Harcourt,Product C,3919549,4784039.03,2529186.98,1390362.02
2022-09-01,Port Harcourt,Product D,14901053,17289200.74,10574497.91,4326555.09
2022-09-01,Kano,Product A,9215376,10508394.47,4778615.46,4436760.54
2022-09-01,Kano,Product B,7686328,9342607.51,4378278.89,3308049.11
2022-09-01,Kano,Product C,14240866,15223730.24,8231636.41,6009229.59
2022-09-01,Kano,Product D,13158658,14487392.43,9685795.44,3472862.56
2022-09-01,Ibadan,Product A,13522944,16695386.19,6357676.79,7165267.21
2022-09-01,Ibadan,Product B,3432176,3667781.22,1643907.04,1788268.96
2022-09-01,Ibadan,Product C,14394940,16187532.84,7039624.24,7355315.76
2022-09-01,Ibadan,Product D,3006313,3509248.17,1859332.21,1146980.79
2022-10-01,Lagos,Product A,7530541,8916180.52,4316826.83,3213714.17
2022-10-01,Lagos,Product B,13162561,16298224.91,7593232.1,5569328.9
2022-10-01,Lagos,Product C,14097390,14947310.59,7560272.68,6537117.32
2022-10-01,Lagos,Product D,7242022,8113448.98,4514499.49,2727522.51
2022-10-01,Abuja,Product A,5569164,6019965.75,3311741.35,2257422.65
2022-10-01,Abuja,Product B,3815603,4273562.35,2353767.82,1461835.18
2022-10-01,Abuja,Product C,3927455,4722847.61,2443780.33,1483674.67
2022-10-01,Abuja,Product D,9199311,11214245.58,6829237.13,2370073.87
2022-10-01,Port Harcourt,Product A,12430794,14577774.31,7990635.57,4440158.43
2022-10-01,Port Harcourt,Product B,2440466,2859735.58,1579834.12,860631.88
2022-10-01,Port Harcourt,Product C,13634515,15045544.75,6873497.44,6761017.56
2022-10-01,Port Harcourt,Product D,13789329,16581418.59,10017413.27,3771915.73
2022-10-01,Kano,Product A,7889195,8293288.7,5608892.7,2280302.3
2022-10-01,Kano,Product B,11501291,13588417.94,5415677.6,6085613.4
2022-10-01,Kano,Product C,14431397,16980478.19,6626856.08,7804540.92
2022-10-01,Kano,Product D,14517678,16783837.27,8171395.87,6346282.13
2022-10-01,Ibadan,Product A,9610913,10746722.97,5391875.27,4219037.73
2022-10-01,Ibadan,Product B,14106371,15726862.63,10331819.67,3774551.33
2022-10-01,Ibadan,Product C,12002975,12807071.2,5590777.48,6412197.52
2022-10-01,Ibadan,Product D,4640899,5573196.09,2157687.36,2483211.64
2022-11-01,Lagos,Product A,3368710,3720472.61,2184883.35,1183826.65
2022-11-01,Lagos,Product B,10148051,11887581.21,5827570.26,4320480.74
2022-11-01,Lagos,Product C,5616647,6745529.18,2719272.98,2897374.02
2022-11-01,Lagos,Product D,9212753,9877710.67,6020215.03,3192537.97
2022-11-01,Abuja,Product A,11951141,13711861.38,7769912.03,4181228.97
2022-11-01,Abuja,Product B,2761976,3021888.13,2058593.78,703382.22
2022-11-01,Abuja,Product C,2919088,3069530.26,1577550.49,1341537.51
2022-11-01,Abuja,Product D,5543918,6671938.47,3765696.7,1778221.3
2022-11-01,Port Harcourt,Product A,6856117,7648851.9,3101151.79,3754965.21
2022-11-01,Port Harcourt,Product B,14532817,16511183.94,7102997.3,7429819.7
2022-11-01,Port Harcourt,Product C,10935249,13020975.55,6562010.05,4373238.95
2022-11-01,Port Harcourt,Product D,13207988,15998043.88,6229186.29,6978801.71
2022-11-01,Kano,Product A,14449387,15294104.7,6583465.26,7865921.74
2022-11-01,Kano,Product B,3306317,4041714.65,2058935.34,1247381.66
2022-11-01,Kano,Product C,11620050,13140935.33,7460565.96,4159484.04
2022-11-01,Kano,Product D,6857259,7358076.68,3128672.2,3728586.8
2022-11-01,Ibadan,Product A,7448705,8077186.77,5469467.08,1979237.92
2022-11-01,Ibadan,Product B,9719145,11822418.35,7055427.93,2663717.07
2022-11-01,Ibadan,Product C,3478574,3956329.55,1675834.12,1802739.88
2022-11-01,Ibadan,Product D,9309439,10871323.22,5652586.75,3656852.25
2022-12-01,Lagos,Product A,8639863,10576098.49,5821033.81,2818829.19
2022-12-01,Lagos,Product B,5717362,6384084.88,2861195.57,2856166.43
2022-12-01,Lagos,Product C,10564488,12430651.28,6435690.08,4128797.92
2022-12-01,Lagos,Product D,5253164,6467614.34,2914521.47,2338642.53
2022-12-01,Abuja,Product A,14203396,17635570.94,9141772.86,5061623.14
2022-12-01,Abuja,Product B,4477824,4913309.26,2211746.23,2266077.77
2022-12-01,Abuja,Product C,5309671,5759399.1,2632858.44,2676812.56
2022-12-01,Abuja,Product D,14736463,17405263.01,7414560.56,7321902.44
2022-12-01,Port Harcourt,Product A,14966239,17594157.23,8817897.3,6148341.7
2022-12-01,Port Harcourt,Product B,11457911,13772127.5,6699114.89,4758796.11
2022-12-01,Port Harcourt,Product C,11470600,13519230.42,8556604.01,2913995.99
2022-12-01,Port Harcourt,Product D,7422534,9076641.06,4736803.06,2685730.94
2022-12-01,Kano,Product A,4532644,5157933.86,2677325.5,1855318.5
2022-12-01,Kano,Product B,12592884,13985204.72,6704477.89,5888406.11
2022-12-01,Kano,Product C,2942411,3296643.28,1389574.77,1552836.23
2022-12-01,Kano,Product D,9746753,11115029.21,4552386.83,5194366.17
2022-12-01,Ibadan,Product A,6816353,7261775.77,4834668.84,1981684.16
2022-12-01,Ibadan,Product B,3514923,4123010.58,2116406.65,1398516.35
2022-12-01,Ibadan,Product C,9763013,11384316.36,7188208.14,2574804.86
2022-12-01,Ibadan,Product D,14397037,17696483.04,8421116.48,5975920.52
2023-01-01,Lagos,Product A,11590807,13681411.78,6333889.55,5256917.45
2023-01-01,Lagos,Product B,9979730,11479418.56,7358221.67,2621508.33
2023-01-01,Lagos,Product C,9558523,10234314.16,6879632.71,2678890.29
2023-01-01,Lagos,Product D,7761929,9675066.88,3689235.07,4072693.93
2023-01-01,Abuja,Product A,12840213,13925362.29,6732420.5,6107792.5
2023-01-01,Abuja,Product B,9344365,11663610.27,5674090.6,3670274.4
2023-01-01,Abuja,Product C,12230837,13230698.65,6871964.2,5358872.8
2023-01-01,Abuja,Product D,6746166,7606189.58,4603175.11,2142990.89
2023-01-01,Port Harcourt,Product A,13390013,15660653.54,9195833.51,4194179.49
2023-01-01,Port Harcourt,Product B,12859981,14363696.9,7058936.5,5801044.5
2023-01-01,Port Harcourt,Product C,11361069,13470545.36,6080945.06,5280123.94
2023-01-01,Port Harcourt,Product D,14142235,17257956.78,10455679.73,3686555.27
2023-01-01,Kano,Product A,12111641,14832593.0,6661506.84,5450134.16
2023-01-01,Kano,Product B,11776746,13928621.54,8538422.74,3238323.26
2023-01-01,Kano,Product C,7204824,8959481.8,4751898.36,2452925.64
2023-01-01,Kano,Product D,8575963,9225938.08,5682863.63,2893099.37
2023-01-01,Ibadan,Product A,3421349,3804253.99,1926232.46,1495116.54
2023-01-01,Ibadan,Product B,7510922,9108021.6,4889872.5,2621049.5
2023-01-01,Ibadan,Product C,14394582,17985063.22,10417854.1,3976727.9
2023-01-01,Ibadan,Product D,3567880,4207261.81,2058744.93,1509135.07
2023-02-01,Lagos,Product A,8070468,8503417.19,4379518.72,3690949.28
2023-02-01,Lagos,Product B,5593556,6255533.6,3802761.5,1790794.5
2023-02-01,Lagos,Product C,5221313,5718949.08,2565072.38,2656240.62
2023-02-01,Lagos,Product D,3294615,3654249.97,2261542.51,1033072.49
2023-02-01,Abuja,Product A,10517619,12665053.27,7367970.2,3149648.8
2023-02-01,Abuja,Product B,10833734,11457209.96,5969704.99,4864029.01
2023-02-01,Abuja,Product C,14856508,17435691.28,9347327.56,5509180.44
2023-02-01,Abuja,Product D,4587931,4966203.35,3208815.08,1379115.92
2023-02-01,Port Harcourt,Product A,14936874,17550051.67,10766450.9,4170423.1
2023-02-01,Port Harcourt,Product B,14099442,16038604.26,8082612.05,6016829.95
2023-02-01,Port Harcourt,Product C,13347486,15935792.24,9888839.79,3458646.21
2023-02-01,Port Harcourt,Product D,12244091,13554032.26,8259385.72,3984705.28
2023-02-01,Kano,Product A,9531761,10454441.08,4973201.54,4558559.46
2023-02-01,Kano,Product B,9868776,12146438.85,5015359.86,4853416.14
2023-02-01,Kano,Product C,13380100,16583644.28,9972615.86,3407484.14
2023-02-01,Kano,Product D,9745704,11732733.27,6660576.76,3085127.24
2023-02-01,Ibadan,Product A,10437374,12060301.72,7722408.93,2714965.07
2023-02-01,Ibadan,Product B,5350371,6475296.37,2629812.0,2720559.0
2023-02-01,Ibadan,Product C,6194357,6568718.92,3680545.68,2513811.32
2023-02-01,Ibadan,Product D,8227905,9551841.96,3955786.82,4272118.18
2023-03-01,Lagos,Product A,10655523,13002223.03,5706234.0,4949289.0
2023-03-01,Lagos,Product B,14802975,16017743.65,8656717.11,6146257.89
2023-03-01,Lagos,Product C,10612629,11456011.77,6168503.24,4444125.76
2023-03-01,Lagos,Product D,5725179,6946592.42,4095729.69,1629449.31
2023-03-01,Abuja,Product A,2447451,2772911.52,1392443.45,1055007.55
2023-03-01,Abuja,Product B,8274032,9077900.67,6191934.77,2082097.23
2023-03-01,Abuja,Product C,8289990,9076774.31,4523063.83,3766926.17
2023-03-01,Abuja,Product D,3662338,4460124.34,2362164.81,1300173.19
2023-03-01,Port Harcourt,Product A,4450300,4795286.89,2385644.81,2064655.19
2023-03-01,Port Harcourt,Product B,9926478,11804710.56,4880231.88,5046246.12
2023-03-01,Port Harcourt,Product C,13836932,15826987.59,8780979.0,5055953.0
2023-03-01,Port Harcourt,Product D,3329187,3508299.85,1713520.64,1615666.36
2023-03-01,Kano,Product A,4508522,5228807.3,3012461.11,1496060.89
2023-03-01,Kano,Product B,10854536,12316109.6,7412039.33,3442496.67
2023-03-01,Kano,Product C,5986941,6646882.94,2779885.39,3207055.61
2023-03-01,Kano,Product D,9043503,10651350.53,5759293.12,3284209.88
2023-03-01,Ibadan,Product A,3053729,3274121.44,2203400.04,850328.96
2023-03-01,Ibadan,Product B,12011619,13899974.71,7682469.15,4329149.85
2023-03-01,Ibadan,Product C,11647695,12793684.07,5743164.52,5904530.48
2023-03-01,Ibadan,Product D,9201433,9664383.48,5114568.79,4086864.21
2023-04-01,Lagos,Product A,11574148,13117138.4,7515226.13,4058921.87
2023-04-01,Lagos,Product B,3436363,3967957.74,1918112.97,1518250.03
2023-04-01,Lagos,Product C,10825812,12545128.4,7425681.03,3400130.97
2023-04-01,Lagos,Product D,10516493,12207864.68,5964283.03,4552209.97
2023-04-01,Abuja,Product A,9887557,10468024.67,5596993.99,4290563.01
2023-04-01,Abuja,Product B,8262974,9095303.8,3758601.04,4504372.96
2023-04-01,Abuja,Product C,3133461,3506219.08,2099050.08,1034410.92
2023-04-01,Abuja,Product D,12540402,13427419.41,7832371.37,4708030.63
2023-04-01,Port Harcourt,Product A,14694965,16406983.11,6808187.67,7886777.33
2023-04-01,Port Harcourt,Product B,11160590,12474296.93,7174459.0,3986131.0
2023-04-01,Port Harcourt,Product C,13487067,15414700.39,8882808.58,4604258.42
2023-04-01,Port Harcourt,Product D,12598768,13688002.04,6179138.52,6419629.48
2023-04-01,Kano,Product A,14013242,16889292.88,8230031.3,5783210.7
2023-04-01,Kano,Product B,6923149,7548435.35,4758507.14,2164641.86
2023-04-01,Kano,Product C,2703065,3008833.45,1467825.83,1235239.17
2023-04-01,Kano,Product D,8681090,10832477.14,5320720.01,3360369.99
2023-04-01,Ibadan,Product A,6249899,6608169.17,4025373.38,2224525.62
2023-04-01,Ibadan,Product B,6800144,7625646.36,4653015.33,2147128.67
2023-04-01,Ibadan,Product C,13001346,14514506.84,6336108.5,6665237.5
2023-04-01,Ibadan,Product D,8174337,9297411.42,4659425.49,3514911.51
2023-05-01,Lagos,Product A,9377556,11524336.44,5307635.09,4069920.91
2023-05-01,Lagos,Product B,5134272,5900514.07,3076748.53,2057523.47
2023-05-01,Lagos,Product C,10712003,11819025.73,5085881.76,5626121.24
2023-05-01,Lagos,Product D,9121922,9722011.3,5753524.5,3368397.5
2023-05-01,Abuja,Product A,5027557,5827415.57,2746873.28,2280683.72
2023-05-01,Abuja,Product B,3343333,3729768.74,1801026.69,1542306.31
2023-05-01,Abuja,Product C,9481225,11098004.5,5478581.96,4002643.04
2023-05-01,Abuja,Product D,13572333,15455924.12,7928127.64,5644205.36
2023-05-01,Port Harcourt,Product A,14193922,17373466.06,7888524.71,6305397.29
2023-05-01,Port Harcourt,Product B,9297090,10272457.68,6917111.05,2379978.95
2023-05-01,Port Harcourt,Product C,2962308,3154882.41,1899591.15,1062716.85
2023-05-01,Port Harcourt,Product D,8095349,9330838.53,5464112.82,2631236.18
2023-05-01,Kano,Product A,4684131,5810935.62,2308498.27,2375632.73
2023-05-01,Kano,Product B,12193381,14456689.24,7089863.91,5103517.09
2023-05-01,Kano,Product C,4117788,4379047.95,2814732.98,1303055.02
2023-05-01,Kano,Product D,8145971,9143283.18,5985986.42,2159984.58
2023-05-01,Ibadan,Product A,2543335,2978293.52,1662625.44,880709.56
2023-05-01,Ibadan,Product B,8223751,9246807.63,5583312.96,2640438.04
2023-05-01,Ibadan,Product C,11628809,12530495.47,6513121.31,5115687.69
2023-05-01,Ibadan,Product D,7274512,8583285.07,3818271.29,3456240.71
2023-06-01,Lagos,Product A,3903351,4118748.32,1974371.2,1928979.8
2023-06-01,Lagos,Product B,10686324,12047734.71,6609510.77,4076813.23
2023-06-01,Lagos,Product C,6391883,7702173.61,4226385.55,2165497.45
2023-06-01,Lagos,Product D,5599894,6995796.5,2999712.37,2600181.63
2023-06-01,Abuja,Product A,10240971,11163023.67,5025434.19,5215536.81
2023-06-01,Abuja,Product B,3242387,3697645.82,2333233.71,909153.29
2023-06-01,Abuja,Product C,9467726,11829473.74,6562591.82,2905134.18
2023-06-01,Abuja,Product D,7361793,8713182.31,4879853.91,2481939.09
2023-06-01,Port Harcourt,Product A,11227420,13006228.12,8054545.55,3172874.45
2023-06-01,Port Harcourt,Product B,4642499,5535538.56,3380655.41,1261843.59
2023-06-01,Port Harcourt,Product C,12698831,13775923.01,7091632.39,5607198.61
2023-06-01,Port Harcourt,Product D,5762150,6190119.23,2940391.21,2821758.79
2023-06-01,Kano,Product A,4329967,4751477.32,2590214.76,1739752.24
2023-06-01,Kano,Product B,8054838,9350090.49,4516133.0,3538705.0
2023-06-01,Kano,Product C,11255099,12109971.56,8050478.94,3204620.06
2023-06-01,Kano,Product D,3103070,3450173.65,2326925.52,776144.48
2023-06-01,Ibadan,Product A,14060631,16109729.25,8060095.53,6000535.47
2023-06-01,Ibadan,Product B,8869154,10773076.49,4187351.23,4681802.77
2023-06-01,Ibadan,Product C,7318841,8625017.85,4281465.99,3037375.01
2023-06-01,Ibadan,Product D,13410335,15468445.96,6550953.79,6859381.21
2023-07-01,Lagos,Product A,11249336,13251254.18,5676290.54,5573045.46
2023-07-01,Lagos,Product B,4164813,4733408.5,3012049.74,1152763.26
2023-07-01,Lagos,Product C,2929673,3563297.29,1773713.8,1155959.2
2023-07-01,Lagos,Product D,7102363,7691372.02,3883559.48,3218803.52
2023-07-01,Abuja,Product A,13900618,15222484.16,10206458.44,3694159.56
2023-07-01,Abuja,Product B,10705660,13157097.52,7534430.59,3171229.41
2023-07-01,Abuja,Product C,6204459,6758271.39,4572099.89,1632359.11
2023-07-01,Abuja,Product D,6604524,7100088.24,3572039.51,3032484.49
2023-07-01,Port Harcourt,Product A,10950276,11702403.17,7033320.97,3916955.03
2023-07-01,Port Harcourt,Product B,11928898,14771809.64,5919814.4,6009083.6
2023-07-01,Port Harcourt,Product C,13051703,15334391.53,9405060.68,3646642.32
2023-07-01,Port Harcourt,Product D,7664316,9339015.04,4744866.22,2919449.78
2023-07-01,Kano,Product A,2476028,2640051.41,1818801.17,657226.83
2023-07-01,Kano,Product B,14935608,17405274.2,9638530.23,5297077.77
2023-07-01,Kano,Product C,14867436,17312050.45,9447252.44,5420183.56
2023-07-01,Kano,Product D,2508113,2883345.8,1600550.31,907562.69
2023-07-01,Ibadan,Product A,6859883,8083558.93,3708646.43,3151236.57
2023-07-01,Ibadan,Product B,6108369,7396853.89,4004019.1,2104349.9
2023-07-01,Ibadan,Product C,6990112,7973682.46,4589596.2,2400515.8
2023-07-01,Ibadan,Product D,4652149,5293778.51,2769309.57,1882839.43
2023-08-01,Lagos,Product A,5422938,6063053.54,2674054.02,2748883.98
2023-08-01,Lagos,Product B,14052129,15652150.48,10488607.6,3563521.4
2023-08-01,Lagos,Product C,7794356,9704556.44,3813231.58,3981124.42
2023-08-01,Lagos,Product D,8216632,9473744.05,3959226.69,4257405.31
2023-08-01,Abuja,Product A,6055688,6923434.87,3210977.1,2844710.9
2023-08-01,Abuja,Product B,6159388,6640901.4,2865233.89,3294154.11
2023-08-01,Abuja,Product C,8444964,10326778.72,4859573.66,3585390.34
2023-08-01,Abuja,Product D,4679315,5674584.57,3416487.02,1262827.98
2023-08-01,Port Harcourt,Product A,14098527,15685217.3,9572003.34,4526523.66
2023-08-01,Port Harcourt,Product B,10359508,12941034.02,6112571.08,4246936.92
2023-08-01,Port Harcourt,Product C,7176450,8249143.08,3423272.35,3753177.65
2023-08-01,Port Harcourt,Product D,8597509,9896497.11,6362208.15,2235300.85
2023-08-01,Kano,Product A,5609524,6544456.76,2606170.49,3003353.51
2023-08-01,Kano,Product B,6720376,7721569.83,4803065.11,1917310.89
2023-08-01,Kano,Product C,12976661,15370908.43,6951915.41,6024745.59
2023-08-01,Kano,Product D,2137194,2606168.04,1238030.17,899163.83
2023-08-01,Ibadan,Product A,6437118,7695584.95,4371813.94,2065304.06
2023-08-01,Ibadan,Product B,8139410,8620029.78,3787652.52,4351757.48
2023-08-01,Ibadan,Product C,11425722,12441823.57,7037866.31,4387855.69
2023-08-01,Ibadan,Product D,3233658,3645204.89,1892033.71,1341624.29
2023-09-01,Lagos,Product A,11225071,12414301.44,8382065.95,2843005.05
2023-09-01,Lagos,Product B,13415194,15725406.16,6554650.6,6860543.4
2023-09-01,Lagos,Product C,3622046,4088495.77,2493667.0,1128379.0
2023-09-01,Lagos,Product D,7688907,8931175.78,4303342.17,3385564.83
2023-09-01,Abuja,Product A,4420404,4817407.45,2664339.96,1756064.04
2023-09-01,Abuja,Product B,10389915,10993059.76,4796755.59,5593159.41
2023-09-01,Abuja,Product C,13972084,15601342.74,8273195.72,5698888.28
2023-09-01,Abuja,Product D,9666995,10438306.48,6940317.63,2726677.37
2023-09-01,Port Harcourt,Product A,4345135,4847402.93,2754469.88,1590665.12
2023-09-01,Port Harcourt,Product B,4726331,5334094.24,3000984.56,1725346.44
2023-09-01,Port Harcourt,Product C,7020319,8204962.25,4227597.46,2792721.54
2023-09-01,Port Harcourt,Product D,10551583,12202567.73,6991710.42,3559872.58
2023-09-01,Kano,Product A,7029651,8048799.4,3198428.55,3831222.45
2023-09-01,Kano,Product B,7557278,8953570.35,5622383.65,1934894.35
2023-09-01,Kano,Product C,11792896,13108223.34,8486523.3,3306372.7
2023-09-01,Kano,Product D,13543456,15925101.13,8519820.94,5023635.06
2023-09-01,Ibadan,Product A,6454861,8026065.43,4420748.38,2034112.62
2023-09-01,Ibadan,Product B,11705188,13642711.24,7800571.78,3904616.22
2023-09-01,Ibadan,Product C,11789896,13512279.04,7159646.6,4630249.4
2023-09-01,Ibadan,Product D,14099440,16551997.56,9902743.62,4196696.38
2023-10-01,Lagos,Product A,4479264,5439314.77,2341127.5,2138136.5
2023-10-01,Lagos,Product B,11606135,14387441.19,5605399.43,6000735.57
2023-10-01,Lagos,Product C,2317716,2638042.23,1334156.34,983559.66
2023-10-01,Lagos,Product D,8928320,10607737.46,5116938.25,3811381.75
2023-10-01,Abuja,Product A,12258899,15128758.62,8726439.79,3532459.21
2023-10-01,Abuja,Product B,14345300,17149525.27,9492752.23,4852547.77
2023-10-01,Abuja,Product C,10702060,11680959.67,5859536.89,4842523.11
2023-10-01,Abuja,Product D,13110322,15020157.63,7381733.15,5728588.85
2023-10-01,Port Harcourt,Product A,4905518,5601771.45,2992062.42,1913455.58
2023-10-01,Port Harcourt,Product B,11164943,12514308.96,7609990.93,3554952.07
2023-10-01,Port Harcourt,Product C,14095107,16718899.58,9741068.67,4354038.33
2023-10-01,Port Harcourt,Product D,6435261,7542224.45,3267048.48,3168212.52
2023-10-01,Kano,Product A,6135904,6785090.49,3310625.46,2825278.54
2023-10-01,Kano,Product B,6993143,8421386.54,4625756.27,2367386.73
2023-10-01,Kano,Product C,13580304,16174110.18,7402789.71,6177514.29
2023-10-01,Kano,Product D,7851946,9124726.96,5734634.34,2117311.66
2023-10-01,Ibadan,Product A,14107519,15584456.43,6864185.93,7243333.07
2023-10-01,Ibadan,Product B,13351837,15469948.06,9596340.95,3755496.05
2023-10-01,Ibadan,Product C,8619156,10460858.4,6346997.01,2272158.99
2023-10-01,Ibadan,Product D,4457461,4939270.32,2390487.76,2066973.24
2023-11-01,Lagos,Product A,13981302,14901353.98,10167243.21,3814058.79
2023-11-01,Lagos,Product B,13005384,14322683.68,7721605.73,5283778.27
2023-11-01,Lagos,Product C,5390138,6552199.69,2863994.94,2526143.06
2023-11-01,Lagos,Product D,11429097,13591873.71,5613765.42,5815331.58
2023-11-01,Abuja,Product A,12329346,14772753.54,6433263.11,5896082.89
2023-11-01,Abuja,Product B,2851702,3376320.47,1737577.52,1114124.48
2023-11-01,Abuja,Product C,12702933,13929621.09,6098162.24,6604770.76
2023-11-01,Abuja,Product D,7541407,9000455.16,3621108.16,3920298.84
2023-11-01,Port Harcourt,Product A,14931308,16088385.93,11039546.64,3891761.36
2023-11-01,Port Harcourt,Product B,4649811,5260710.1,3396731.71,1253079.29
2023-11-01,Port Harcourt,Product C,9980915,11433035.37,5088637.69,4892277.31
2023-11-01,Port Harcourt,Product D,6819172,7598150.16,4389974.1,2429197.9
2023-11-01,Kano,Product A,14897065,15908458.68,9269549.81,5627515.19
2023-11-01,Kano,Product B,10978365,13149197.3,7740844.4,3237520.6
2023-11-01,Kano,Product C,2625760,3236632.42,1319495.43,1306264.57
2023-11-01,Kano,Product D,4949245,6121149.61,2281116.7,2668128.3
2023-11-01,Ibadan,Product A,8660463,10458306.93,4381271.85,4279191.15
2023-11-01,Ibadan,Product B,14566188,18097414.71,10601445.1,3964742.9
2023-11-01,Ibadan,Product C,2628578,2764878.8,1630739.72,997838.28
2023-11-01,Ibadan,Product D,3800206,4695880.24,2092061.42,1708144.58
2023-12-01,Lagos,Product A,9622712,12007411.47,5898627.62,3724084.38
2023-12-01,Lagos,Product B,10286475,12630268.83,5043047.07,5243427.93
2023-12-01,Lagos,Product C,10459284,11961280.63,5311678.55,5147605.45
2023-12-01,Lagos,Product D,3889899,4341659.5,2603648.54,1286250.46
2023-12-01,Abuja,Product A,12876423,14182774.43,6513663.74,6362759.26
2023-12-01,Abuja,Product B,14358397,16044394.95,7732101.27,6626295.73
2023-12-01,Abuja,Product C,13314573,15996880.94,6692549.8,6622023.2
2023-12-01,Abuja,Product D,12716040,15633208.33,8877028.71,3839011.29
2023-12-01,Port Harcourt,Product A,10644974,11875376.85,6070296.15,4574677.85
2023-12-01,Port Harcourt,Product B,3600296,3913364.2,1772006.51,1828289.49
2023-12-01,Port Harcourt,Product C,7429135,9191066.38,3358333.32,4070801.68
2023-12-01,Port Harcourt,Product D,8435310,9254414.46,5703340.81,2731969.19
2023-12-01,Kano,Product A,7530194,8361445.85,5021621.0,2508573.0
2023-12-01,Kano,Product B,2191859,2416109.48,1222762.8,969096.2
2023-12-01,Kano,Product C,5964499,6336832.05,2895570.15,3068928.85
2023-12-01,Kano,Product D,7147356,7733034.4,4687393.92,2459962.08
2023-12-01,Ibadan,Product A,13803728,16619249.68,9070251.78,4733476.22
2023-12-01,Ibadan,Product B,12715797,15681452.45,6847600.12,5868196.88
2023-12-01,Ibadan,Product C,12311703,13471094.2,9076287.93,3235415.07
2023-12-01,Ibadan,Product D,10022561,10830751.38,6758417.86,3264143.14
2024-01-01,Lagos,Product A,12162613,13679594.52,8034405.87,4128207.13
2024-01-01,Lagos,Product B,9899184,11893573.64,6836361.6,3062822.4
2024-01-01,Lagos,Product C,5664338,6810640.98,3705058.08,1959279.92
2024-01-01,Lagos,Product D,11996107,14690756.67,5692885.64,6303221.36
2024-01-01,Abuja,Product A,9495187,10972966.87,5303398.64,4191788.36
2024-01-01,Abuja,Product B,11465180,12295737.8,8009944.11,3455235.89
2024-01-01,Abuja,Product C,10480665,11428445.75,6403665.85,4076999.15
2024-01-01,Abuja,Product D,4760475,5310897.91,2885335.62,1875139.38
2024-01-01,Port Harcourt,Product A,3950183,4685150.29,2627169.5,1323013.5
2024-01-01,Port Harcourt,Product B,10201172,10896772.87,6152455.43,4048716.57
2024-01-01,Port Harcourt,Product C,2933413,3346104.49,1771706.22,1161706.78
2024-01-01,Port Harcourt,Product D,9663806,11236901.96,5968745.02,3695060.98
2024-01-01,Kano,Product A,13287169,16095851.58,8862329.45,4424839.55
2024-01-01,Kano,Product B,8642917,9514913.37,3897131.39,4745785.61
2024-01-01,Kano,Product C,5655777,6592725.76,2621944.36,3033832.64
2024-01-01,Kano,Product D,7780235,9259078.54,4764219.52,3016015.48
2024-01-01,Ibadan,Product A,3010921,3724258.05,1417257.81,1593663.19
2024-01-01,Ibadan,Product B,9920040,10479004.24,5680810.91,4239229.09
2024-01-01,Ibadan,Product C,14901210,16049881.3,9573394.12,5327815.88
2024-01-01,Ibadan,Product D,14235447,16786099.78,8201163.18,6034283.82
2024-02-01,Lagos,Product A,8416943,9592852.45,6103415.95,2313527.05
2024-02-01,Lagos,Product B,8333337,9376080.02,5456828.29,2876508.71
2024-02-01,Lagos,Product C,13103036,16050049.58,6419137.27,6683898.73
2024-02-01,Lagos,Product D,7834610,8412229.42,5859144.68,1975465.32
2024-02-01,Abuja,Product A,8594429,9933170.38,5744150.58,2850278.42
2024-02-01,Abuja,Product B,5736121,6980654.61,3882515.44,1853605.56
2024-02-01,Abuja,Product C,7005700,8004718.29,4663892.0,2341808.0
2024-02-01,Abuja,Product D,9115687,10541259.41,6353707.96,2761979.04
2024-02-01,Port Harcourt,Product A,6152562,7026995.22,3054971.06,3097590.94
2024-02-01,Port Harcourt,Product B,5162177,6388101.49,3445790.23,1716386.77
2024-02-01,Port Harcourt,Product C,3893218,4112964.71,2523036.15,1370181.85
2024-02-01,Port Harcourt,Product D,12316699,14819583.95,8808003.84,3508695.16
2024-02-01,Kano,Product A,2262492,2484517.71,1063794.94,1198697.06
2024-02-01,Kano,Product B,11964729,12643311.66,7529828.34,4434900.66
2024-02-01,Kano,Product C,13799185,16896308.35,7222772.8,6576412.2
2024-02-01,Kano,Product D,2742169,3099893.36,1426755.42,1315413.58
2024-02-01,Ibadan,Product A,5645172,6779158.02,3854631.19,1790540.81
2024-02-01,Ibadan,Product B,4351084,5007136.83,2335570.67,2015513.33
2024-02-01,Ibadan,Product C,14272826,16631011.82,8895430.96,5377395.04
2024-02-01,Ibadan,Product D,14961040,17721447.34,8171713.09,6789326.91
2024-03-01,Lagos,Product A,7062767,8653667.02,5266766.57,1796000.43
2024-03-01,Lagos,Product B,10745141,11757425.13,5803990.99,4941150.01
2024-03-01,Lagos,Product C,3022699,3510392.21,1896744.04,1125954.96
2024-03-01,Lagos,Product D,14334812,17665011.49,9142713.58,5192098.42
2024-03-01,Abuja,Product A,9167236,10644720.65,4254195.47,4913040.53
2024-03-01,Abuja,Product B,7778321,9632029.32,5066819.75,2711501.25
2024-03-01,Abuja,Product C,10799030,12027386.09,6208334.16,4590695.84
2024-03-01,Abuja,Product D,4503456,4998735.73,2274982.47,2228473.53
2024-03-01,Port Harcourt,Product A,11024938,12620288.03,7770401.44,3254536.56
2024-03-01,Port Harcourt,Product B,7045519,8606159.57,3475593.45,3569925.55
2024-03-01,Port Harcourt,Product C,9768273,12043774.95,6043784.7,3724488.3
2024-03-01,Port Harcourt,Product D,8987842,10438995.17,4406090.24,4581751.76
2024-03-01,Kano,Product A,6074489,6688007.1,3335373.73,2739115.27
2024-03-01,Kano,Product B,3326581,4106482.02,2342378.8,984202.2
2024-03-01,Kano,Product C,3551288,4109291.61,2481717.78,1069570.22
2024-03-01,Kano,Product D,2864641,3161682.26,1868036.91,996604.09
2024-03-01,Ibadan,Product A,12115353,12816947.17,5716451.2,6398901.8
2024-03-01,Ibadan,Product B,14779145,17254899.16,9627654.64,5151490.36
2024-03-01,Ibadan,Product C,5640933,6463825.77,4009812.97,1631120.03
2024-03-01,Ibadan,Product D,7586214,8425534.55,5482543.57,2103670.43
2024-04-01,Lagos,Product A,5553544,6872132.8,4101976.81,1451567.19
2024-04-01,Lagos,Product B,3968239,4759410.01,2683716.95,1284522.05
2024-04-01,Lagos,Product C,6070038,7218035.5,4013087.71,2056950.29
2024-04-01,Lagos,Product D,8654381,10671070.66,5327842.81,3326538.19
2024-04-01,Abuja,Product A,6748945,7600205.29,4117497.86,2631447.14
2024-04-01,Abuja,Product B,8027375,8923908.02,4478419.41,3548955.59
2024-04-01,Abuja,Product C,10342928,11824043.7,7145359.96,3197568.04
2024-04-01,Abuja,Product D,14120088,16151941.61,9911163.05,4208924.95
2024-04-01,Port Harcourt,Product A,5407913,6079256.64,3105110.36,2302802.64
2024-04-01,Port Harcourt,Product B,11437598,13986088.91,7690363.12,3747234.88
2024-04-01,Port Harcourt,Product C,2272124,2504232.42,1659621.8,612502.2
2024-04-01,Port Harcourt,Product D,11716405,13989415.54,6309959.97,5406445.03
2024-04-01,Kano,Product A,5291551,5905228.35,2984180.41,2307370.59
2024-04-01,Kano,Product B,6122665,7040209.39,3957582.83,2165082.17
2024-04-01,Kano,Product C,13489819,15075046.17,9159697.55,4330121.45
2024-04-01,Kano,Product D,10197701,12678818.51,6552107.9,3645593.1
2024-04-01,Ibadan,Product A,10230828,11685301.84,6852932.62,3377895.38
2024-04-01,Ibadan,Product B,7908535,8571690.51,5267828.18,2640706.82
2024-04-01,Ibadan,Product C,10192588,11077402.02,7306142.47,2886445.53
2024-04-01,Ibadan,Product D,12767775,15850520.81,7752380.07,5015394.93
2024-05-01,Lagos,Product A,3247057,4023225.78,2112095.84,1134961.16
2024-05-01,Lagos,Product B,14823477,15583576.94,7281995.41,7541481.59
2024-05-01,Lagos,Product C,12581417,13792839.85,8330796.2,4250620.8
2024-05-01,Lagos,Product D,2153368,2355233.19,1263602.58,889765.42
2024-05-01,Abuja,Product A,3014184,3537347.02,1959299.23,1054884.77
2024-05-01,Abuja,Product B,12343478,15213957.4,7995923.63,4347554.37
2024-05-01,Abuja,Product C,2263935,2380125.74,1393436.3,870498.7
2024-05-01,Abuja,Product D,2198826,2316122.88,1465864.54,732961.46
2024-05-01,Port Harcourt,Product A,10988193,13685749.0,5001196.7,5986996.3
2024-05-01,Port Harcourt,Product B,13708132,16241485.14,9483975.37,4224156.63
2024-05-01,Port Harcourt,Product C,5007598,5365156.95,2398109.47,2609488.53
2024-05-01,Port Harcourt,Product D,4498085,4939768.91,2860486.32,1637598.68
2024-05-01,Kano,Product A,6234874,7563169.5,3305714.12,2929159.88
2024-05-01,Kano,Product B,8658817,9228600.48,6388382.86,2270434.14
2024-05-01,Kano,Product C,9700704,11281922.99,7247104.06,2453599.94
2024-05-01,Kano,Product D,5789255,6426043.69,4043323.51,1745931.49
2024-05-01,Ibadan,Product A,3352527,3958486.68,2371798.02,980728.98
2024-05-01,Ibadan,Product B,14743735,15574351.34,8427275.5,6316459.5
2024-05-01,Ibadan,Product C,8327855,9664811.24,3887729.87,4440125.13
2024-05-01,Ibadan,Product D,2158547,2569899.21,1024890.71,1133656.29
2024-06-01,Lagos,Product A,9279795,10940706.15,5098144.77,4181650.23
2024-06-01,Lagos,Product B,3599906,4424134.15,2612616.17,987289.83
2024-06-01,Lagos,Product C,5854842,6395146.79,4159485.07,1695356.93
2024-06-01,Lagos,Product D,11509060,13179025.27,5339842.35,6169217.65
2024-06-01,Abuja,Product A,3247353,3854237.0,1734449.89,1512903.11
2024-06-01,Abuja,Product B,11110543,12918250.27,5109411.34,6001131.66
2024-06-01,Abuja,Product C,7276177,7662772.06,3726475.38,3549701.62
2024-06-01,Abuja,Product D,4419132,5304950.96,2933479.13,1485652.87
2024-06-01,Port Harcourt,Product A,8682298,10729366.71,4686557.44,3995740.56
2024-06-01,Port Harcourt,Product B,11461648,12585971.93,8027682.88,3433965.12
2024-06-01,Port Harcourt,Product C,8528964,10110293.57,5221165.05,3307798.95
2024-06-01,Port Harcourt,Product D,8439870,10137312.29,4152290.95,4287579.05
2024-06-01,Kano,Product A,13564711,16207560.46,8142053.04,5422657.96
2024-06-01,Kano,Product B,7802559,8276480.87,4534273.61,3268285.39
2024-06-01,Kano,Product C,3275374,3662256.43,2229552.64,1045821.36
2024-06-01,Kano,Product D,11992655,13543792.31,8179787.92,3812867.08
2024-06-01,Ibadan,Product A,2497036,2938573.37,1710630.57,786405.43
2024-06-01,Ibadan,Product B,9558977,10974859.28,5321896.97,4237080.03
2024-06-01,Ibadan,Product C,8298619,9430298.26,5426537.15,2872081.85
2024-06-01,Ibadan,Product D,13084235,14733038.89,8918871.68,4165363.32
2024-07-01,Lagos,Product A,6955645,8413624.95,4618079.19,2337565.81
2024-07-01,Lagos,Product B,3376369,3726141.94,1904272.11,1472096.89
2024-07-01,Lagos,Product C,12635092,13656707.14,7162664.25,5472427.75
2024-07-01,Lagos,Product D,8051545,8625702.15,3635744.12,4415800.88
2024-07-01,Abuja,Product A,7171869,8168379.92,4865424.24,2306444.76
2024-07-01,Abuja,Product B,3715158,3999372.79,1880678.13,1834479.87
2024-07-01,Abuja,Product C,9530347,11068516.48,5753777.88,3776569.12
2024-07-01,Abuja,Product D,3732967,3939222.31,2076180.26,1656786.74
2024-07-01,Port Harcourt,Product A,3561359,4164599.48,2440711.92,1120647.08
2024-07-01,Port Harcourt,Product B,8463219,8907268.22,4859098.12,3604120.88
2024-07-01,Port Harcourt,Product C,3421022,4088014.45,2113715.95,1307306.05
2024-07-01,Port Harcourt,Product D,6072543,7070821.01,3041584.23,3030958.77
2024-07-01,Kano,Product A,8387623,9091347.5,4451107.62,3936515.38
2024-07-01,Kano,Product B,6503118,7469642.54,3049833.22,3453284.78
2024-07-01,Kano,Product C,9292657,10270173.65,5017344.11,4275312.89
2024-07-01,Kano,Product D,3290526,3692710.48,2412833.1,877692.9
2024-07-01,Ibadan,Product A,14094685,16561349.84,8853462.49,5241222.51
2024-07-01,Ibadan,Product B,5280754,6028362.63,2590985.36,2689768.64
2024-07-01,Ibadan,Product C,2113537,2620288.55,1161737.66,951799.34
2024-07-01,Ibadan,Product D,12405098,13967867.33,8790990.46,3614107.54
2024-08-01,Lagos,Product A,9385715,10483348.51,6519717.86,2865997.14
2024-08-01,Lagos,Product B,12922585,16086616.3,6342887.27,6579697.73
2024-08-01,Lagos,Product C,7379868,8639185.31,4860290.21,2519577.79
2024-08-01,Lagos,Product D,10036449,11168928.35,7420673.25,2615775.75
2024-08-01,Abuja,Product A,7354241,8150629.04,4842674.52,2511566.48
2024-08-01,Abuja,Product B,10237735,12731162.15,7008674.66,3229060.34
2024-08-01,Abuja,Product C,7467463,8402471.96,5189501.13,2277961.87
2024-08-01,Abuja,Product D,8592357,9649243.61,6269156.77,2323200.23
2024-08-01,Port Harcourt,Product A,5352088,6253622.64,3284516.06,2067571.94
2024-08-01,Port Harcourt,Product B,13437240,16172035.21,6155261.46,7281978.54
2024-08-01,Port Harcourt,Product C,14200615,16221709.64,9408051.08,4792563.92
2024-08-01,Port Harcourt,Product D,9356053,11316493.25,6543478.85,2812574.15
2024-08-01,Kano,Product A,3160289,3835937.03,2176481.71,983807.29
2024-08-01,Kano,Product B,8864256,10500558.04,4359031.01,4505224.99
2024-08-01,Kano,Product C,7080688,7777457.68,4585445.69,2495242.31
2024-08-01,Kano,Product D,13999675,15884389.52,7883178.43,6116496.57
2024-08-01,Ibadan,Product A,9534089,11899879.02,5661059.93,3873029.07
2024-08-01,Ibadan,Product B,8724393,10093018.89,6343058.82,2381334.18
2024-08-01,Ibadan,Product C,13604949,15423388.37,6272283.5,7332665.5
2024-08-01,Ibadan,Product D,8031903,9560589.86,5571643.5,2460259.5
2024-09-01,Lagos,Product A,11962645,14087642.29,5688172.86,6274472.14
2024-09-01,Lagos,Product B,14900908,16385726.77,9676771.34,5224136.66
2024-09-01,Lagos,Product C,4790696,5650146.72,2219476.8,2571219.2
2024-09-01,Lagos,Product D,12821827,15200203.84,7306971.03,5514855.97
2024-09-01,Abuja,Product A,14627921,16329431.12,10076725.98,4551195.02
2024-09-01,Abuja,Product B,3777454,3974295.45,1993065.99,1784388.01
2024-09-01,Abuja,Product C,10567725,12674618.73,6524492.54,4043232.46
2024-09-01,Abuja,Product D,13537094,15771351.83,7902056.15,5635037.85
2024-09-01,Port Harcourt,Product A,8562142,9783211.69,5598499.07,2963642.93
2024-09-01,Port Harcourt,Product B,13583615,15622422.65,7518398.0,6065217.0
2024-09-01,Port Harcourt,Product C,2412092,2765594.25,1299224.31,1112867.69
2024-09-01,Port Harcourt,Product D,3440404,3692289.28,2519073.61,921330.39
2024-09-01,Kano,Product A,4376915,4900681.73,2420083.86,1956831.14
2024-09-01,Kano,Product B,5470657,6314357.95,3033425.09,2437231.91
2024-09-01,Kano,Product C,3637842,4138529.79,2397443.3,1240398.7
2024-09-01,Kano,Product D,7350413,7816685.48,3406217.52,3944195.48
2024-09-01,Ibadan,Product A,13924892,14941646.58,9813623.37,4111268.63
2024-09-01,Ibadan,Product B,12871131,13796211.83,8881273.94,3989857.06
2024-09-01,Ibadan,Product C,14423352,15848128.06,7245368.52,7177983.48
2024-09-01,Ibadan,Product D,4686631,5231207.83,2708454.74,1978176.26
2024-10-01,Lagos,Product A,9751982,10691791.32,5573396.49,4178585.51
2024-10-01,Lagos,Product B,5094587,5539229.23,3297177.85,1797409.15
2024-10-01,Lagos,Product C,8636771,9119034.95,5477717.25,3159053.75
2024-10-01,Lagos,Product D,5310554,6053580.17,3074098.37,2236455.63
2024-10-01,Abuja,Product A,2074659,2470809.17,1061676.34,1012982.66
2024-10-01,Abuja,Product B,14621927,17411088.07,10071618.63,4550308.37
2024-10-01,Abuja,Product C,11686290,12508425.29,8315891.5,3370398.5
2024-10-01,Abuja,Product D,5136665,5769289.5,2615190.61,2521474.39
2024-10-01,Port Harcourt,Product A,3911847,4312696.62,2772681.81,1139165.19
2024-10-01,Port Harcourt,Product B,10853588,13492999.13,5904582.33,4949005.67
2024-10-01,Port Harcourt,Product C,8520284,9988002.47,5334561.86,3185722.14
2024-10-01,Port Harcourt,Product D,7837206,8780781.97,4603247.02,3233958.98
2024-10-01,Kano,Product A,4894531,5935830.97,3239183.53,1655347.47
2024-10-01,Kano,Product B,6990296,8624183.43,4383268.67,2607027.33
2024-10-01,Kano,Product C,13276136,14295604.56,6443685.4,6832450.6
2024-10-01,Kano,Product D,7123426,7646212.67,4003307.15,3120118.85
2024-10-01,Ibadan,Product A,4371602,5036806.7,2515733.37,1855868.63
2024-10-01,Ibadan,Product B,4313029,5024511.48,2488236.61,1824792.39
2024-10-01,Ibadan,Product C,10164971,11965190.7,6688854.63,3476116.37
2024-10-01,Ibadan,Product D,12825667,15854307.02,6438105.72,6387561.28
2024-11-01,Lagos,Product A,4799538,5509526.0,2361799.67,2437738.33
2024-11-01,Lagos,Product B,7277776,8867220.76,4627377.32,2650398.68
2024-11-01,Lagos,Product C,8023677,9952315.32,4777158.28,3246518.72
2024-11-01,Lagos,Product D,5273712,6397240.42,3898057.51,1375654.49
2024-11-01,Abuja,Product A,10479842,12372647.68,6002227.9,4477614.1
2024-11-01,Abuja,Product B,10249791,11614305.57,7195020.58,3054770.42
2024-11-01,Abuja,Product C,10199017,11050132.08,6319508.18,3879508.82
2024-11-01,Abuja,Product D,14768411,16158205.63,6790641.29,7977769.71
2024-11-01,Port Harcourt,Product A,5772246,6681500.14,2888793.78,2883452.22
2024-11-01,Port Harcourt,Product B,9672579,11250467.7,6594418.97,3078160.03
2024-11-01,Port Harcourt,Product C,10309978,11959009.87,4989650.96,5320327.04
2024-11-01,Port Harcourt,Product D,3916069,4321686.74,2400283.44,1515785.56
2024-11-01,Kano,Product A,8154919,9446728.92,5521172.7,2633746.3
2024-11-01,Kano,Product B,14750753,17609390.64,9055575.51,5695177.49
2024-11-01,Kano,Product C,9132912,9776629.66,6384099.24,2748812.76
2024-11-01,Kano,Product D,14605485,16058823.14,10405574.88,4199910.12
2024-11-01,Ibadan,Product A,2540736,2896303.03,1409023.82,1131712.18
2024-11-01,Ibadan,Product B,3459332,3936076.31,2588228.29,871103.71
2024-11-01,Ibadan,Product C,5975295,6524876.54,4011119.3,1964175.7
2024-11-01,Ibadan,Product D,13561743,15190863.22,8994503.11,4567239.89
2024-12-01,Lagos,Product A,12616129,14327297.63,8009290.96,4606838.04
2024-12-01,Lagos,Product B,5466502,6629259.63,3780808.52,1685693.48
2024-12-01,Lagos,Product C,11564260,12953857.28,6179079.07,5385180.93
2024-12-01,Lagos,Product D,11039036,11962732.56,8209731.59,2829304.41
2024-12-01,Abuja,Product A,6909595,7654909.86,3663487.44,3246107.56
2024-12-01,Abuja,Product B,10630451,13257210.57,6950080.38,3680370.62
2024-12-01,Abuja,Product C,3597613,3875052.93,2428490.37,1169122.63
2024-12-01,Abuja,Product D,8905438,10987117.46,6659004.46,2246433.54
2024-12-01,Port Harcourt,Product A,13004113,13984332.27,9230626.81,3773486.19
2024-12-01,Port Harcourt,Product B,6188889,6679350.34,3383026.29,2805862.71
2024-12-01,Port Harcourt,Product C,6153279,7398054.84,4017293.51,2135985.49
2024-12-01,Port Harcourt,Product D,10211754,11012706.05,6532669.34,3679084.66
2024-12-01,Kano,Product A,12532951,14197891.1,7339264.98,5193686.02
2024-12-01,Kano,Product B,12630509,15269271.48,8597148.82,4033360.18
2024-12-01,Kano,Product C,8758714,10099871.89,4672491.07,4086222.93
2024-12-01,Kano,Product D,8191986,9346557.38,4885809.77,3306176.23
2024-12-01,Ibadan,Product A,11763593,12357591.12,8025600.6,3737992.4
2024-12-01,Ibadan,Product B,14293069,15273978.48,10600384.41,3692684.59
2024-12-01,Ibadan,Product C,12650856,14963796.37,7052432.45,5598423.55
2024-12-01,Ibadan,Product D,3062512,3702992.24,1743533.29,1318978.71
2025-01-01,Lagos,Product A,9208215,11187700.65,5510329.23,3697885.77
2025-01-01,Lagos,Product B,7416778,9016345.04,4089066.6,3327711.4
2025-01-01,Lagos,Product C,11696117,12586411.98,8254262.91,3441854.09
2025-01-01,Lagos,Product D,7766993,9544321.24,5271273.35,2495719.65
2025-01-01,Abuja,Product A,2770794,2964513.92,1898456.41,872337.59
2025-01-01,Abuja,Product B,9710502,10227647.12,7077303.84,2633198.16
2025-01-01,Abuja,Product C,4650523,5293491.24,2093678.38,2556844.62
2025-01-01,Abuja,Product D,9177281,10007491.26,6025596.81,3151684.19
2025-01-01,Port Harcourt,Product A,4213134,5167112.05,2277450.25,1935683.75
2025-01-01,Port Harcourt,Product B,6597283,7050305.21,3682145.62,2915137.38
2025-01-01,Port Harcourt,Product C,3382787,3803500.0,2439463.29,943323.71
2025-01-01,Port Harcourt,Product D,4777050,5065380.58,3046235.37,1730814.63
2025-01-01,Kano,Product A,14180063,16872690.69,7377080.68,6802982.32
2025-01-01,Kano,Product B,12997217,13884144.98,6219884.53,6777332.47
2025-01-01,Kano,Product C,5580613,6391818.39,2733439.71,2847173.29
2025-01-01,Kano,Product D,5794852,6686615.12,3381412.4,2413439.6
2025-01-01,Ibadan,Product A,2135267,2539087.46,1484293.93,650973.07
2025-01-01,Ibadan,Product B,9085252,10800603.91,5390371.52,3694880.48
2025-01-01,Ibadan,Product C,5841091,6580654.81,3909027.57,1932063.43
2025-01-01,Ibadan,Product D,3718442,3981113.88,2083325.95,1635116.05
2025-02-01,Lagos,Product A,7020671,7564252.48,4788365.43,2232305.57
2025-02-01,Lagos,Product B,14635891,17927494.97,9403162.52,5232728.48
2025-02-01,Lagos,Product C,13360475,14410215.72,8138566.52,5221908.48
2025-02-01,Lagos,Product D,2142182,2510774.08,1069452.16,1072729.84
2025-02-01,Abuja,Product A,7891952,9426829.38,5038411.65,2853540.35
2025-02-01,Abuja,Product B,4539636,5601814.7,2881864.45,1657771.55
2025-02-01,Abuja,Product C,9421969,11513575.5,4484917.64,4937051.36
2025-02-01,Abuja,Product D,3685524,3973004.56,1794655.47,1890868.53
2025-02-01,Port Harcourt,Product A,14247521,16054197.59,10528556.32,3718964.68
2025-02-01,Port Harcourt,Product B,7276495,8791572.82,3815327.65,3461167.35
2025-02-01,Port Harcourt,Product C,12814938,13671613.31,7894245.16,4920692.84
2025-02-01,Port Harcourt,Product D,12066461,14410201.25,6461303.2,5605157.8
2025-02-01,Kano,Product A,13584266,14336357.27,9564967.05,4019298.95
2025-02-01,Kano,Product B,7060836,7704001.5,4462999.53,2597836.47
2025-02-01,Kano,Product C,5164963,6195728.1,2782172.48,2382790.52
2025-02-01,Kano,Product D,2915518,3518331.43,2006265.34,909252.66
2025-02-01,Ibadan,Product A,6015476,6911646.84,2910426.24,3105049.76
2025-02-01,Ibadan,Product B,10381604,12225547.81,4892887.34,5488716.66
2025-02-01,Ibadan,Product C,2202450,2747284.39,1608179.04,594270.96
2025-02-01,Ibadan,Product D,4214305,4751071.12,2957144.07,1257160.93
2025-03-01,Lagos,Product A,9060918,10176158.37,5933837.67,3127080.33
2025-03-01,Lagos,Product B,14796417,16930103.61,11041232.55,3755184.45
2025-03-01,Lagos,Product C,3224599,3396592.28,1516399.19,1708199.81
2025-03-01,Lagos,Product D,6398739,6994772.5,4650435.77,1748303.23
2025-03-01,Abuja,Product A,8676912,9989920.73,5540826.18,3136085.82
2025-03-01,Abuja,Product B,10406206,12523057.24,6005136.05,4401069.95
2025-03-01,Abuja,Product C,8749095,9330783.5,5345429.71,3403665.29
2025-03-01,Abuja,Product D,12335554,13329011.27,5860364.17,6475189.83
2025-03-01,Port Harcourt,Product A,3325761,3832144.49,1699328.34,1626432.66
2025-03-01,Port Harcourt,Product B,4606795,5331342.66,2613063.73,1993731.27
2025-03-01,Port Harcourt,Product C,12641691,15203464.28,8153282.12,4488408.88
2025-03-01,Port Harcourt,Product D,12790343,13598987.07,8436545.6,4353797.4
2025-03-01,Kano,Product A,14246669,17675637.01,7430937.41,6815731.59
2025-03-01,Kano,Product B,6101689,6511982.19,3541085.17,2560603.83
2025-03-01,Kano,Product C,9606317,11263016.27,4481429.36,5124887.64
2025-03-01,Kano,Product D,13174960,15788064.46,8856174.57,4318785.43
2025-03-01,Ibadan,Product A,4003921,4214258.96,1966580.01,2037340.99
2025-03-01,Ibadan,Product B,2190431,2371725.36,1611948.82,578482.18
2025-03-01,Ibadan,Product C,10774573,12427872.7,7507205.95,3267367.05
2025-03-01,Ibadan,Product D,6349442,6878938.42,3099030.46,3250411.54
2025-04-01,Lagos,Product A,6509119,7788728.27,3159637.12,3349481.88
2025-04-01,Lagos,Product B,2492516,2784145.87,1442661.71,1049854.29
2025-04-01,Lagos,Product C,10788815,11466076.36,7160503.87,3628311.13
2025-04-01,Lagos,Product D,11674609,13723579.54,6991272.71,4683336.29
2025-04-01,Abuja,Product A,10569497,11859237.54,6340461.59,4229035.41
2025-04-01,Abuja,Product B,11510771,12470496.25,5723074.7,5787696.3
2025-04-01,Abuja,Product C,14974306,16031207.24,9316619.24,5657686.76
2025-04-01,Abuja,Product D,14126208,15158363.69,9496117.15,4630090.85
2025-04-01,Port Harcourt,Product A,2043092,2163241.3,1448304.09,594787.91
2025-04-01,Port Harcourt,Product B,6102892,6464160.66,3412694.17,2690197.83
2025-04-01,Port Harcourt,Product C,4518002,4905611.27,3334749.22,1183252.78
2025-04-01,Port Harcourt,Product D,2593302,3009716.17,1878028.6,715273.4
2025-04-01,Kano,Product A,14426310,17039501.3,7463517.76,6962792.24
2025-04-01,Kano,Product B,6165165,6986681.37,4106532.41,2058632.59
2025-04-01,Kano,Product C,6550953,7960714.15,4071160.42,2479792.58
2025-04-01,Kano,Product D,4003215,4605331.32,2884645.88,1118569.12
2025-04-01,Ibadan,Product A,5008898,5482925.14,3029042.1,1979855.9
2025-04-01,Ibadan,Product B,2770553,3437746.16,1304038.15,1466514.85
2025-04-01,Ibadan,Product C,9802985,11991074.44,6686206.73,3116778.27
2025-04-01,Ibadan,Product D,7212643,8045416.09,4442464.58,2770178.42
2025-05-01,Lagos,Product A,2133700,2397817.65,1146817.93,986882.07
2025-05-01,Lagos,Product B,7098752,8503702.9,3711051.48,3387700.52
2025-05-01,Lagos,Product C,8178606,9555377.71,4890873.48,3287732.52
2025-05-01,Lagos,Product D,14962299,18032221.48,10020835.19,4941463.81
2025-05-01,Abuja,Product A,11169742,13427107.14,5847785.08,5321956.92
2025-05-01,Abuja,Product B,2107003,2605266.03,963265.04,1143737.96
2025-05-01,Abuja,Product C,11085620,12407965.29,7780688.52,3304931.48
2025-05-01,Abuja,Product D,2160974,2680035.75,973386.13,1187587.87
2025-05-01,Port Harcourt,Product A,13027728,14659515.63,8747139.64,4280588.36
2025-05-01,Port Harcourt,Product B,7159172,7665968.38,4359537.32,2799634.68
2025-05-01,Port Harcourt,Product C,5995789,6799003.89,4427023.89,1568765.11
2025-05-01,Port Harcourt,Product D,4388630,5232697.38,2097361.35,2291268.65
2025-05-01,Kano,Product A,5883465,7233470.14,3564954.8,2318510.2
2025-05-01,Kano,Product B,13758259,16910490.6,8083491.84,5674767.16
2025-05-01,Kano,Product C,14547669,15522078.9,6963577.84,7584091.16
2025-05-01,Kano,Product D,4239990,4992347.12,2409609.16,1830380.84
2025-05-01,Ibadan,Product A,11930363,13881742.63,6925514.44,5004848.56
2025-05-01,Ibadan,Product B,4192921,4601120.09,2215108.77,1977812.23
2025-05-01,Ibadan,Product C,7284972,8998458.54,4137032.16,3147939.84
2025-05-01,Ibadan,Product D,14337173,15989536.69,8399108.15,5938064.85
2025-06-01,Lagos,Product A,5919346,6303733.45,3023683.55,2895662.45
2025-06-01,Lagos,Product B,14920916,17411837.7,7410072.53,7510843.47
2025-06-01,Lagos,Product C,4757754,5423427.3,2589217.24,2168536.76
2025-06-01,Lagos,Product D,4025626,4658393.66,2976509.29,1049116.71
2025-06-01,Abuja,Product A,5483557,6253357.46,3229836.89,2253720.11
2025-06-01,Abuja,Product B,4011815,4284956.12,2777295.56,1234519.44
2025-06-01,Abuja,Product C,7103880,8633184.37,4681907.27,2421972.73
2025-06-01,Abuja,Product D,2676621,2925557.88,1892296.05,784324.95
2025-06-01,Port Harcourt,Product A,4488460,4794764.09,2354043.03,2134416.97
2025-06-01,Port Harcourt,Product B,7968373,8998276.39,3702784.88,4265588.12
2025-06-01,Port Harcourt,Product C,7013715,7729347.9,5240668.79,1773046.21
2025-06-01,Port Harcourt,Product D,2521470,3127680.11,1781116.97,740353.03
2025-06-01,Kano,Product A,11327356,13588473.98,5946361.1,5380994.9
2025-06-01,Kano,Product B,9751799,10438144.95,6710631.47,3041167.53
2025-06-01,Kano,Product C,4037647,4249184.92,2822766.26,1214880.74
2025-06-01,Kano,Product D,5729376,6165628.15,3993959.61,1735416.39
2025-06-01,Ibadan,Product A,8245146,9789107.74,6029448.28,2215697.72
2025-06-01,Ibadan,Product B,3409947,3977583.01,1799245.56,1610701.44
2025-06-01,Ibadan,Product C,3258076,3435185.13,1529150.64,1728925.36
2025-06-01,Ibadan,Product D,12837861,14618295.99,6273059.85,6564801.15
2025-07-01,Lagos,Product A,7562484,8125930.89,5540912.53,2021571.47
2025-07-01,Lagos,Product B,2849559,3087775.98,1772896.62,1076662.38
2025-07-01,Lagos,Product C,14153932,15979785.51,6494456.51,7659475.49
2025-07-01,Lagos,Product D,13462410,15284315.69,7487563.26,5974846.74
2025-07-01,Abuja,Product A,5139874,5679542.03,3000676.07,2139197.93
2025-07-01,Abuja,Product B,4493621,4749442.34,2856832.87,1636788.13
2025-07-01,Abuja,Product C,6123584,7222495.93,3672114.2,2451469.8
2025-07-01,Abuja,Product D,11239022,12877740.93,5353331.23,5885690.77
2025-07-01,Port Harcourt,Product A,8425930,9078494.71,4295853.76,4130076.24
2025-07-01,Port Harcourt,Product B,10821696,11902021.05,8097076.29,2724619.71
2025-07-01,Port Harcourt,Product C,11121045,13445001.42,8305430.89,2815614.11
2025-07-01,Port Harcourt,Product D,13968373,15670034.03,8567576.2,5400796.8
2025-07-01,Kano,Product A,10131572,11335271.89,6278487.9,3853084.1
2025-07-01,Kano,Product B,7395626,8339871.83,3726986.99,3668639.01
2025-07-01,Kano,Product C,7349877,8595117.2,3372057.7,3977819.3
2025-07-01,Kano,Product D,6713268,7127599.13,5017895.25,1695372.75
2025-07-01,Ibadan,Product A,10882399,12204464.42,6803639.68,4078759.32
2025-07-01,Ibadan,Product B,5905100,7350644.7,2834685.98,3070414.02
2025-07-01,Ibadan,Product C,13020356,14299352.85,7943808.64,5076547.36
2025-07-01,Ibadan,Product D,14365817,15244742.55,10758813.4,3607003.6
2025-08-01,Lagos,Product A,5681115,6619285.36,4231290.99,1449824.01
2025-08-01,Lagos,Product B,8516648,9546829.64,5976699.75,2539948.25
2025-08-01,Lagos,Product C,4914404,5333209.87,3085045.87,1829358.13
2025-08-01,Lagos,Product D,14383348,17109356.53,10416334.34,3967013.66
2025-08-01,Abuja,Product A,2473227,2944848.08,1373889.09,1099337.91
2025-08-01,Abuja,Product B,11523609,13398745.61,7132338.05,4391270.95
2025-08-01,Abuja,Product C,5158036,6279080.29,3575139.71,1582896.29
2025-08-01,Abuja,Product D,10258194,11883347.57,5156455.91,5101738.09
2025-08-01,Port Harcourt,Product A,2636925,2816371.64,1370639.35,1266285.65
2025-08-01,Port Harcourt,Product B,5671004,5977156.54,3365155.04,2305848.96
2025-08-01,Port Harcourt,Product C,7565572,9332732.54,3861765.39,3703806.61
2025-08-01,Port Harcourt,Product D,4189251,4684218.58,2108190.13,2081060.87
2025-08-01,Kano,Product A,7428919,7888852.23,3672215.74,3756703.26
2025-08-01,Kano,Product B,13822842,17049712.99,9431462.63,4391379.37
2025-08-01,Kano,Product C,10829762,13235419.2,7994179.7,2835582.3
2025-08-01,Kano,Product D,8267813,9846201.35,5362849.65,2904963.35
2025-08-01,Ibadan,Product A,11831728,12662391.43,6395398.57,5436329.43
2025-08-01,Ibadan,Product B,4289279,5340890.69,2872554.2,1416724.8
2025-08-01,Ibadan,Product C,9329435,11273395.42,6886976.14,2442458.86
2025-08-01,Ibadan,Product D,12891437,14354056.63,8536127.87,4355309.13
2025-09-01,Lagos,Product A,11428414,13585093.77,8327354.58,3101059.42
2025-09-01,Lagos,Product B,7986539,8742444.49,5005044.57,2981494.43
2025-09-01,Lagos,Product C,4941912,5562995.79,3312061.97,1629850.03
2025-09-01,Lagos,Product D,6941179,7465027.51,4641214.39,2299964.61
2025-09-01,Abuja,Product A,13777747,17080819.0,7818601.77,5959145.23
2025-09-01,Abuja,Product B,14932387,18561506.37,6864639.64,8067747.36
2025-09-01,Abuja,Product C,12106404,13482216.7,8385404.82,3720999.18
2025-09-01,Abuja,Product D,12257273,13411651.33,7595403.98,4661869.02
2025-09-01,Port Harcourt,Product A,10324603,11131250.54,6954683.54,3369919.46
2025-09-01,Port Harcourt,Product B,5992909,6708234.75,3271262.96,2721646.04
2025-09-01,Port Harcourt,Product C,12673442,15551125.08,6040388.09,6633053.91
2025-09-01,Port Harcourt,Product D,13894472,16451123.13,9292425.35,4602046.65
2025-09-01,Kano,Product A,7632941,8696408.04,4042128.72,3590812.28
2025-09-01,Kano,Product B,6186600,7353610.62,3434456.03,2752143.97
2025-09-01,Kano,Product C,3812519,4552463.05,1770702.48,2041816.52
2025-09-01,Kano,Product D,9352113,11189961.24,6927395.78,2424717.22
2025-09-01,Ibadan,Product A,8946088,10275623.38,5042138.41,3903949.59
2025-09-01,Ibadan,Product B,11160762,12556633.08,7797378.13,3363383.87
2025-09-01,Ibadan,Product C,11698161,13806098.4,7675726.36,4022434.64
2025-09-01,Ibadan,Product D,4728923,5392189.84,3261814.22,1467108.78
2025-10-01,Lagos,Product A,2560573,2839628.66,1397087.22,1163485.78
2025-10-01,Lagos,Product B,3756994,4000597.79,1882372.57,1874621.43
2025-10-01,Lagos,Product C,8299138,8981168.62,3921348.73,4377789.27
2025-10-01,Lagos,Product D,3562037,3980897.35,2655793.63,906243.37
2025-10-01,Abuja,Product A,10098979,12026883.48,5851318.14,4247660.86
2025-10-01,Abuja,Product B,12966178,14042363.5,9295789.88,3670388.12
2025-10-01,Abuja,Product C,4635764,4917206.56,2546556.7,2089207.3
2025-10-01,Abuja,Product D,5187406,5871396.47,3196654.55,1990751.45
2025-10-01,Port Harcourt,Product A,14246931,16498303.5,9234566.73,5012364.27
2025-10-01,Port Harcourt,Product B,6989554,7671103.01,3249378.18,3740175.82
2025-10-01,Port Harcourt,Product C,11592705,13446755.6,6924142.81,4668562.19
2025-10-01,Port Harcourt,Product D,2914439,3270483.73,1685366.99,1229072.01
2025-10-01,Kano,Product A,6941719,8432657.67,4425535.28,2516183.72
2025-10-01,Kano,Product B,10058573,10963190.36,4604017.15,5454555.85
2025-10-01,Kano,Product C,4866088,5730490.78,3616074.22,1250013.78
2025-10-01,Kano,Product D,9945197,12120746.78,5395329.24,4549867.76
2025-10-01,Ibadan,Product A,8668395,9918281.26,6227923.2,2440471.8
2025-10-01,Ibadan,Product B,6446036,6885832.12,3952952.99,2493083.01
2025-10-01,Ibadan,Product C,5101792,5735455.51,2879622.6,2222169.4
2025-10-01,Ibadan,Product D,5130342,5844255.02,2713893.41,2416448.59
2025-11-01,Lagos,Product A,9802377,10808886.66,6872678.1,2929698.9
2025-11-01,Lagos,Product B,11466486,12181167.69,7747566.82,3718919.18
2025-11-01,Lagos,Product C,13198262,14113436.41,8584708.58,4613553.42
2025-11-01,Lagos,Product D,11084006,12555932.41,7503174.5,3580831.5
2025-11-01,Abuja,Product A,5817030,6751945.28,4084946.2,1732083.8
2025-11-01,Abuja,Product B,10767475,12207370.83,6575205.16,4192269.84
2025-11-01,Abuja,Product C,9966231,11606103.13,5189342.79,4776888.21
2025-11-01,Abuja,Product D,7013906,7475357.96,5055856.03,1958049.97
2025-11-01,Port Harcourt,Product A,13984061,14780393.12,8689219.78,5294841.22
2025-11-01,Port Harcourt,Product B,10670757,12912577.06,6970783.69,3699973.31
2025-11-01,Port Harcourt,Product C,12406456,13392639.37,9115971.63,3290484.37
2025-11-01,Port Harcourt,Product D,9533636,10339950.84,7105518.03,2428117.97
2025-11-01,Kano,Product A,5554926,6730860.2,2710002.87,2844923.13
2025-11-01,Kano,Product B,9103052,9700883.15,5961931.4,3141120.6
2025-11-01,Kano,Product C,5387643,6731611.26,3438220.62,1949422.38
2025-11-01,Kano,Product D,11983243,13200468.13,8666776.79,3316466.21
2025-11-01,Ibadan,Product A,3124274,3334867.21,1927393.57,1196880.43
2025-11-01,Ibadan,Product B,11261932,12559592.18,6001035.86,5260896.14
2025-11-01,Ibadan,Product C,9686601,11947767.35,4394899.4,5291701.6
2025-11-01,Ibadan,Product D,13750965,16152042.8,8343653.82,5407311.18
2025-12-01,Lagos,Product A,9039616,9695022.23,4473639.93,4565976.07
2025-12-01,Lagos,Product B,11505868,13434099.91,7795377.64,3710490.36
2025-12-01,Lagos,Product C,3681144,4546159.95,2277910.78,1403233.22
2025-12-01,Lagos,Product D,3694338,4459616.89,2623876.15,1070461.85
2025-12-01,Abuja,Product A,7769167,9521725.69,4111761.63,3657405.37
2025-12-01,Abuja,Product B,12985514,14895903.32,8215787.26,4769726.74
2025-12-01,Abuja,Product C,2628569,2850525.22,1500629.51,1127939.49
2025-12-01,Abuja,Product D,12372421,14497149.88,8142270.17,4230150.83
2025-12-01,Port Harcourt,Product A,2650662,2993017.66,1891743.78,758918.22
2025-12-01,Port Harcourt,Product B,13584898,14909640.99,9152484.67,4432413.33
2025-12-01,Port Harcourt,Product C,6506097,7998636.46,2967234.79,3538862.21
2025-12-01,Port Harcourt,Product D,7084418,7879217.86,4979311.32,2105106.68
2025-12-01,Kano,Product A,13680009,16237765.83,10147132.9,3532876.1
2025-12-01,Kano,Product B,5824490,6272259.92,4323319.89,1501170.11
2025-12-01,Kano,Product C,9434162,11366336.68,5153510.0,4280652.0
2025-12-01,Kano,Product D,14227225,16124490.12,9157587.32,5069637.68
2025-12-01,Ibadan,Product A,5153037,5865925.24,3730952.56,1422084.44
2025-12-01,Ibadan,Product B,8831185,10581428.37,5986200.99,2844984.01
2025-12-01,Ibadan,Product C,8273172,10045314.22,5001801.86,3271370.14
2025-12-01,Ibadan,Product D,4667115,4961719.14,3093694.34,1573420.66
